Modelo;Cambio de Pantalla;Codigo QFR01;Costo;Precio Final;Lista Mayorista 1;CMV;Cambio de Placa Principal;Código QMP0;Costo;Precio Final;Lista Mayorista 1;Margen;Cambio de Baterí;Código QBA0;Costo;Precio Final;Lista Mayorista 1;Margen;Reparacion de Cámara Principa;Códig;Costo;Precio Final;Lista Mayorista 1;Margen;Cambio de Tapa;Código QBC0;Costo;Precio Final;Lista Mayorista 1;Margen;Sub Placa;Código QIF01/QME0;Costo;Precio Final;Lista Mayorista 1;Margen;Pegamento;Código QRT0;Costo;Precio Final;Speaker;Código QSP0;Costo;Precio Final;Lista Mayorista 1;Margen;Bateria QBA02;Código ;Costo;Precio Final;Pegamento;Código QRT0;Costo;Precio Final;Tapa QFR02 QLC01;Código ;Costo;Precio Final;Lista Mayorista 1;Lista Mayorista 2;Pantalla;Código QFR0;Costo;Precio Final;Lista Mayorista 1;Lista Mayorista 2;IMAGEN
Galaxy S21 SM-G991B; $286.945,00;GH82-27255A;141,12; $148.296,01; $258.250,50;52,76%; $283.200,00;GH82-24543A;192,47; $202.251,92; $254.880,00;72,90%; $39.908,56;GH82-24537A;18,61; $19.553,44; $35.917,71;50,02%; $130.100,00;GH96-14180A;72,80; $76.503,75; $117.090,00;60,03%; $39.600,00;GH97-26165A;25,11; $26.382,91; $35.640,00;68,01%; $40.700,00;GH96-14033A;18,47; $19.404,76; $36.630,00;48,67%; $1.400,00;GH82-30242A;1,35; $1.418,65; $15.700,00;GH96-14015A;7,49; $7.870,87; $14.130,00;51,18%;;;;;;;;;;;;;;;;;; ;;;https://encrypted-tbn0.gstatic.com/images?q=tbn:ANd9GcS_FjOvm0dfqmJBbG-InVOgiiQzE7BGw5DI9AcwElFwxMX3AlqCCspUte7giRTecBNsubc&usqp=CAU
A03 SM-A035M; $118.548,00;GH81-21625A;56,62; $59.499,15; $106.693,20;51,24%; $126.900,00;GH81-21631A;86,24; $90.621,87; $114.210,00;72,90%; $49.244,28;GH81-21636A;22,96; $24.127,53; $44.319,85;50,02%; $31.300,00;GH81-21656A;17,55; $18.438,22; $28.170,00;60,13%; $10.900,00;GH81-21791A;6,93; $7.282,42; $9.810,00;68,20%; $25.400,00;GH81-21637A;11,49; $12.074,48; $22.860,00;48,53%; $0,00;-;0,00; $0,00; $7.900,00;GH81-21649A;3,77; $3.961,71; $7.110,00;51,19%;;;;;;;;;;;;;;;;;; ;;;https://offlinetecnologia.com.ar/3891-large_default/8806092885561.jpg
A03 Core SM-A032M; $103.575,00;GH81-21711A;47,19; $49.589,63; $93.217,50;48,88%; $83.200,00;GH81-21709A;56,54; $59.419,29; $74.880,00;72,90%; $45.130,58;GH81-21710A;21,04; $22.111,99; $40.617,52;50,02%; $14.300,00;GH81-21714A;6,81; $7.156,29; $12.870,00;51,09%; $6.200,00;GH81-21892A;3,92; $4.115,99; $5.580,00;67,77%; $14.300,00;GH81-21712A;6,50; $6.825,28; $12.870,00;48,72%; $0,00;-;0,00; $0,00; $2.900,00;GH81-21716A;1,37; $1.439,67; $2.610,00;50,68%;;;;;;;;;;;;;;;;;; ;;;https://mauricomputacion.com.ar/images/productos/galerias/24212/1007_1701244964.webp
A04 SM-A045M; $77.142,00;GH81-22731A;36,28; $38.127,39; $69.427,80;50,45%; $176.000,00;GH81-22730A;119,62; $125.701,46; $158.400,00;72,91%; $44.349,88;GH81-22548A;20,68; $21.729,48; $39.914,89;50,02%; $32.100,00;GH81-22691A;15,26; $16.033,98; $28.890,00;50,99%; $11.100,00;GH81-22687A;7,05; $7.408,51; $9.990,00;68,13%; $17.400,00;GH81-22686A;7,89; $8.289,53; $15.660,00;48,63%; $0,00;-;0,00; $0,00; $2.200,00;GH81-22698A;1,05; $1.103,39; $1.980,00;51,20%;;;;;;;;;;;;;;;;;; ;;;https://img.corotos.com.do/variants/sm2ysn4p03rbfd75r9e1r6nkb5em/ce679ccb626c0538ddf96ae31cb4fe352a5677a9ff9b875ffd4f22fc9348637b
A04e SM-A042M; $110.368,00;GH81-23088A;41,64; $43.761,54; $99.331,20;40,48%; $135.900,00;GH81-23320A;92,36; $97.055,81; $122.310,00;72,90%; $46.511,82;GH81-23162A;21,69; $22.788,74; $41.860,64;50,02%; $17.300,00;GH81-23050A;8,23; $8.647,24; $15.570,00;51,02%; $16.200,00;GH81-23097A;10,25; $10.770,39; $14.580,00;67,87%; $21.700,00;GH81-23048A;9,83; $10.325,44; $19.530,00;48,57%; $0,00;-;0,00; $0,00; $0,00;-;0,00; $0,00; $0,00;#¡DIV/0;;;;;;;;;;;;;;;;;; ;;;https://multipoint.com.ar/Image/0/750_750-179.jpg
A04s SM-A047M; $103.575,00;GH82-29805A;43,42; $45.630,17; $93.217,50;44,97%; $142.300,00;GH82-30087A;96,75; $101.671,46; $128.070,00;72,94%; $48.793,87;GH82-29803A;22,75; $23.906,85; $43.914,49;50,02%; $25.100,00;GH96-15467A;11,94; $12.550,10; $22.590,00;51,04%; $19.000,00;GH82-30362A;12,03; $12.642,17; $17.100,00;67,92%; $19.500,00;GH96-15280A;8,82; $9.269,34; $17.550,00;48,53%; $0,00;-;0,00; $0,00; $0,00;-;0,00; $0,00; $0,00;#¡DIV/0;;;;;;;;;;;;;;;;;; ;;;https://e39a9f00db6c5bc097f9-75bc5dce1d64f93372e7c97ed35869cb.ssl.cf1.rackcdn.com/43006526_1-wmtRigaa.jpg
A13 SM-A135M; $125.665,00;GH82-28508A;49,94; $52.484,25; $113.098,50;42,63%; $131.600,00;GH82-28641A;89,44; $93.991,42; $118.440,00;72,91%; $46.211,55;GH82-28509A;21,55; $22.641,62; $41.590,40;50,02%; $41.800,00;GH96-14892A;19,89; $20.905,62; $37.620,00;51,05%; $16.500,00;GH82-28532A;10,44; $10.969,85; $14.850,00;67,87%; $22.300,00;GH96-15062A;10,10; $10.616,97; $20.070,00;48,60%; $0,00;-;0,00; $0,00; $6.500,00;3001-002871;3,07; $3.226,11; $5.850,00;50,67%;;;;;;;;;;;;;;;;;; ;;;https://s3-sa-east-1.amazonaws.com/saasargentina/NCshkgB2x9kyeJGXbxrt/imagen
A22 5G SM-A226; $109.737,00;GH81-21438A;57,57; $60.500,90; $98.763,30;56,28%; $131.600,00;GH81-22312A;89,44; $93.991,42; $118.440,00;72,91%; $40.236,18;GH81-20698A;18,76; $19.713,95; $36.212,56;50,02%; $42.400,00;GH81-20993A;20,19; $21.214,57; $38.160,00;51,08%; $16.400,00;GH81-22281A;10,38; $10.908,48; $14.760,00;67,90%; $21.300,00;GH81-20699A;9,65; $10.140,29; $19.170,00;48,60%; $0,00;-;0,00; $0,00; $11.200,00;GH81-20726A;5,35; $5.622,05; $10.080,00;51,24%;;;;;;;;;;;;;;;;;; ;;;https://globotec.com.ar/wp-content/uploads/2023/04/samsung-a22-5g.jpg
A23 SM-A235; $126.872,00;GH82-28563A;50,37; $52.930,13; $114.184,80;42,59%; $145.500,00;GH82-28763A;98,88; $103.909,35; $130.950,00;72,90%; $50.704,34;GH82-28564A;23,64; $24.842,89; $45.633,91;50,02%; $58.000,00;GH96-15109A;27,59; $28.997,90; $52.200,00;51,04%; $12.100,00;"	GH97-27485A";7,70; $8.087,36; $10.890,00;68,23%; $23.400,00;GH96-15474A;10,61; $11.153,93; $21.060,00;48,66%; $2.200,00;GH81-22229A;2,09; $2.196,28; $7.500,00;3001-002865;3,57; $3.751,54; $6.750,00;51,06%;;;;;;;;;;;;;;;;;; ;;;https://d2izjnmtylvtfh.cloudfront.net/30266634-large_default/celular-liberado-samsung-a23-negro-128-gb.jpg
Galaxy A01 SM-A015M; $89.917,00;GH81-18209A;23,92; $25.133,48; $80.925,30;28,53%; $76.200,00;GH81-18543A;51,79; $54.428,59; $68.580,00;72,92%; $43.449,07;GH81-18183A;20,26; $21.288,13; $39.104,16;50,02%; $16.400,00;GH81-18219A;7,80; $8.196,21; $14.760,00;51,02%; $15.500,00;GH81-18515A;9,83; $10.325,46; $13.950,00;68,00%; $6.400,00;GH81-18208A;2,89; $3.038,74; $5.760,00;48,47%; $0,00;-;0,00; $0,00; $4.600,00;GH81-18211A;2,18; $2.290,85; $4.140,00;50,84%;;;;;;;;;;;;;;;;;; ;;;https://i2.wp.com/syscom.com.pe/wp-content/uploads/2020/07/samsung-a01-rojo.jpg?fit=1000%2C1000&ssl=1
Galaxy A02 SM-A022M; $89.322,00;"	GH82-25249A";35,90; $37.722,83; $80.389,80;43,11%; $52.900,00;GH82-25521A;35,98; $37.805,92; $47.610,00;72,96%; $31.651,89;GH82-22989A;14,76; $15.508,03; $28.486,70;50,02%; $20.700,00;GH96-14219A;9,84; $10.342,47; $18.630,00;51,00%; $6.400,00;GH98-46439A;4,04; $4.244,60; $5.760,00;67,70%; $6.400,00;GH59-15450A;2,91; $3.054,81; $5.760,00;48,73%; $0,00;-;0,00; $0,00; $9.000,00;"	3001-002856";4,26; $4.476,62; $8.100,00;50,78%;;;;;;;;;;;;;;;;;; ;;;https://i0.wp.com/ngtecnologia.com/wp-content/uploads/2021/08/Celular-Samsung-Galaxy-A02-32GB-Negro-3023861_a.jpg?fit=1000%2C1000&ssl=1
Galaxy A02s SM-A025M; $92.223,00;GH81-20118A;40,17; $42.208,93; $83.000,70;46,72%; $93.700,00;GH81-20117A;63,69; $66.926,30; $84.330,00;72,91%; $42.758,45;GH81-20119A;19,94; $20.949,75; $38.482,60;50,02%; $24.900,00;GH81-20132A;11,86; $12.458,04; $22.410,00;51,07%; $13.000,00;"	GH81-20260A";8,27; $8.693,91; $11.700,00;68,27%; $11.900,00;GH81-20127A;5,40; $5.674,59; $10.710,00;48,68%; $0,00;-;0,00; $0,00; $15.300,00;GH81-20148A;7,27; $7.639,68; $13.770,00;50,97%;;;;;;;;;;;;;;;;;; ;;;https://m.media-amazon.com/images/I/8122S4yAzwL._AC_SY445_.jpg
Galaxy A10 SM-A105M; $115.106,00;"	GH82-19367A";46,03; $48.369,33; $103.595,40;42,90%; $69.600,00;GH82-19516A;47,29; $49.698,13; $62.640,00;72,89%; $43.989,55;GH82-18689A;20,51; $21.552,94; $39.590,60;50,02%; $33.100,00;GH96-12573A;15,76; $16.559,93; $29.790,00;51,07%; $7.300,00;GH82-19756A;4,65; $4.887,72; $6.570,00;68,35%; $16.200,00;"	GH96-12549A";9,09; $9.549,28; $14.580,00;60,17%; $0,00;-;0,00; $0,00; $9.000,00;"	3001-002856";4,26; $4.476,62; $8.100,00;50,78%;;;;;;;;;;;;;;;;;; ;;;https://d2r9epyceweg5n.cloudfront.net/stores/001/150/952/products/a101-9dc26b115b73ea029916081422461253-1024-1024.jpg
Galaxy A10S SM-A107M; $120.782,00;GH81-17482A;48,01; $50.454,39; $108.703,80;42,64%; $83.700,00;GH81-17555A;56,88; $59.771,11; $75.330,00;72,90%; $45.851,23;GH81-18936A;21,38; $22.465,08; $41.266,11;50,02%; $31.900,00;GH81-18536A;15,19; $15.958,84; $28.710,00;51,07%; $12.400,00;GH81-17841A;7,89; $8.289,55; $11.160,00;68,24%; $8.200,00;"GH81-17484A	";3,70; $3.890,90; $7.380,00;48,44%; $0,00;-;0,00; $0,00; $5.100,00;GH81-17502A;2,42; $2.543,06; $4.590,00;50,90%;;;;;;;;;;;;;;;;;; ;;;https://falabella.scene7.com/is/image/FalabellaCO/5114443_1?wid=800&hei=800&qlt=70
Galaxy A11 SM-A115M; $115.305,00;GH81-18760A;48,52; $50.985,06; $103.774,50;45,14%; $81.300,00;GH81-18796A;55,23; $58.038,05; $73.170,00;72,87%; $35.902,53;GH81-18735A;16,74; $17.590,66; $32.312,28;50,02%; $27.400,00;GH81-18979A;13,03; $13.696,68; $24.660,00;51,03%; $8.900,00;GH81-18981A;5,64; $5.926,81; $8.010,00;67,98%; $8.800,00;GH81-18797A;2,78; $2.926,23; $7.920,00;33,95%; $0,00;-;0,00; $0,00; $13.100,00;GH81-18770A;6,21; $6.525,78; $11.790,00;50,85%;;;;;;;;;;;;;;;;;; ;;;https://geotechbonanza.com/assets/uploads/9de07e031469bcdc993e866b31d6c13d.jpg
Galaxy A12 SM-A125M; $96.584,00;GH82-24490A;40,98; $43.060,77; $86.925,60;45,51%; $115.700,00;GH82-24503A;78,66; $82.657,00; $104.130,00;72,93%; $31.651,89;GH82-22989A;14,76; $15.508,03; $28.486,70;50,02%; $10.000,00;GH96-14023A;4,77; $5.016,34; $9.000,00;51,21%; $12.200,00;GH82-24506A;7,77; $8.165,13; $10.980,00;68,32%; $9.100,00;GH96-14044A;4,12; $4.325,01; $8.190,00;48,52%; $0,00;-;0,00; $0,00; $9.000,00;3001-002856;4,26; $4.476,62; $8.100,00;50,78%;;;;;;;;;;;;;;;;;; ;;;https://www.tiendaamiga.com.bo/media/catalog/product/cache/deb88dadd509903c96aaa309d3e790dc/e/0/e06570.jpg
Galaxy A14 SM-A145M; $96.313,00;GH82-31185A;36,89; $38.770,33; $86.681,70;41,09%; $97.600,00;GH82-31303A;66,31; $69.681,10; $87.840,00;72,88%; $45.100,55;"	GH82-30659A";21,03; $22.097,28; $40.590,50;50,02%; $25.100,00;GH96-15467A;11,94; $12.550,10; $22.590,00;51,04%; $10.500,00;GH82-30412A;6,68; $7.014,45; $9.450,00;68,20%; $15.500,00;GH96-15779A;7,00; $7.361,20; $13.950,00;48,48%; $0,00;-;0,00; $0,00; $6.500,00;3001-002871;3,07; $3.226,11; $5.850,00;50,67%;;;;;;;;;;;;;;;;;; ;;;https://images.start.com.ar/SM-A145MZSEARO-3.jpg
Galaxy A20 SM-A205G; $123.161,00;"	GH82-19571A";52,25; $54.910,79; $110.844,90;45,51%; $79.800,00;GH82-19576A;54,27; $57.034,70; $71.820,00;72,96%; $42.878,56;GH82-19269A;19,99; $21.008,60; $38.590,70;50,02%; $42.300,00;GH96-12555A;20,10; $21.126,30; $38.070,00;50,98%; $8.100,00;GH82-19741B;5,12; $5.375,11; $7.290,00;67,74%; $22.100,00;"GH96-12538A	";10,03; $10.540,23; $19.890,00;48,69%; $2.900,00;GH81-16718A;2,78; $2.921,36; $9.000,00;3001-002856;4,26; $4.476,62; $8.100,00;50,78%;;;;;;;;;;;;;;;;;; ;;;https://http2.mlstatic.com/D_NQ_NP_891820-MLA32255478494_092019-O.jpg
Galaxy A20S SM-A207M; $122.314,00;GH81-17774A;51,47; $54.089,85; $110.082,60;45,14%; $116.600,00;GH81-17784A;79,23; $83.262,03; $104.940,00;72,90%; $45.851,23;GH81-18936A;21,38; $22.465,08; $41.266,11;50,02%; $13.300,00;"	GH81-17793A";6,32; $6.636,12; $11.970,00;50,93%; $34.400,00;GH81-17991A;21,84; $22.950,63; $30.960,00;68,11%; $18.200,00;GH81-18341A;8,24; $8.662,79; $16.380,00;48,59%; $1.500,00;GH81-17813A;1,47; $1.544,75; $5.600,00;GH81-17798A;2,67; $2.805,77; $5.040,00;51,15%;;;;;;;;;;;;;;;;;; ;;;https://puntomovil.com.mx/wp-content/uploads/2021/04/Samsung-Galaxy-A20s-Negro-1600.png
Galaxy A30 SM-A305G; $115.629,00;GH82-19753A;58,21; $61.165,43; $104.066,10;54,00%; $90.300,00;GH82-19439A;61,36; $64.475,14; $81.270,00;72,89%; $42.878,56;GH82-19269A;19,99; $21.008,60; $38.590,70;50,02%; $51.000,00;"	GH96-12465A";24,25; $25.482,12; $45.900,00;51,01%; $14.900,00;GH82-18784B;9,43; $9.907,03; $13.410,00;67,87%; $20.300,00;GH96-12435A;9,21; $9.673,73; $18.270,00;48,65%; $0,00;-;0,00; $0,00; $9.000,00;"	3001-002856";4,26; $4.476,62; $8.100,00;50,78%;;;;;;;;;;;;;;;;;; ;;;https://http2.mlstatic.com/D_NQ_NP_757343-MLA31838701605_082019-O.jpg
Galaxy A30S SM-A307G; $131.593,00;GH82-21189A;57,44; $60.357,54; $118.433,70;46,82%; $95.900,00;GH82-21186A;65,18; $68.496,79; $86.310,00;72,91%; $46.121,47;"GH82-21183A	";21,50; $22.597,49; $41.509,32;50,02%; $78.200,00;GH96-12913A;37,20; $39.091,74; $70.380,00;51,03%; $13.400,00;"GH82-21168A	";8,50; $8.927,19; $12.060,00;68,01%; $21.600,00;GH96-12857A;9,77; $10.264,71; $19.440,00;48,51%; $0,00;-;0,00; $0,00; $9.000,00;"	3001-002856";4,26; $4.476,62; $8.100,00;50,78%;;;;;;;;;;;;;;;;;; ;;;https://www.allsolution.ar/datos/uploads/mod_catalogo/28436/samsung-a30s1-2ac747def6cb61112915797927731013-640-0-63a611d8b3f03_thumbnail.png?t=1671827929
Galaxy A31  SM-A315G; $136.620,00;GH82-22761A;59,97; $63.015,79; $122.958,00;47,09%; $152.100,00;"GH82-22833A	";103,42; $108.677,58; $136.890,00;72,94%; $47.442,66;GH82-22762A;22,12; $23.244,81; $42.698,39;50,02%; $46.800,00;GH96-13446A;29,70; $31.212,78; $42.120,00;68,08%; $21.000,00;GH97-24724A;13,31; $13.985,22; $18.900,00;67,98%; $21.700,00;GH59-15266A;9,81; $10.310,12; $19.530,00;48,50%; $2.400,00;GH81-18730A;2,25; $2.364,41; $9.000,00;"	3001-002856";4,26; $4.476,62; $8.100,00;50,78%;;;;;;;;;;;;;;;;;; ;;;https://d2r9epyceweg5n.cloudfront.net/stores/001/150/952/products/a311-6f945b2a5bc62e228d16329520436368-640-0.jpg
Galaxy A33 SM-A336; $165.630,00;GH82-28143A;71,03; $74.637,26; $149.067,00;46,00%; $242.900,00;"	GH82-28404A	";165,10; $173.494,03; $218.610,00;72,91%; $52.364,83;GH82-28146A;24,41; $25.656,46; $47.128,35;50,02%; $57.300,00;GH96-14454A;28,71; $30.165,66; $51.570,00;53,74%; $20.000,00;GH82-28169A;12,69; $13.332,28; $18.000,00;68,05%; $32.100,00;GH96-15022A;15,27; $16.049,04; $28.890,00;51,04%; $2.800,00;GH81-22141A;2,64; $2.774,25; $8.100,00;"	3001-002870";3,86; $4.056,28; $7.290,00;51,12%;;;;;;;;;;;;;;;;;; ;;;https://asset.conrad.com/media10/isa/160267/c1/-/en/002568516PI00/image.jpg
Galaxy A34 5G SM-A346M; $154.044,00;GH82-31200A;62,23; $65.394,48; $138.639,60;43,34%; $226.400,00;"	GH82-31337A";153,87; $161.691,20; $203.760,00;72,91%; $45.791,17;GH82-31469A;21,35; $22.435,66; $41.212,06;50,02%; $60.300,00;GH96-14454A;28,71; $30.165,66; $54.270,00;51,07%; $21.400,00;"GH82-30454A	";13,58; $14.273,74; $19.260,00;68,09%; $24.900,00;"	GH96-15817A";11,27; $11.844,37; $22.410,00;48,56%; $6.300,00;GH82-31515A;5,99; $6.294,59; $8.100,00;3001-002870;3,86; $4.056,28; $7.290,00;51,12%;;;;;;;;;;;;;;;;;; ;;;https://hiraoka.com.pe/media/catalog/product/cache/a357cb11a228eb6f7f15c0ee1ff203af/s/m/sm-a346mzkbltp_3_1.jpg
Galaxy A50 SM-A505G; $139.791,00;GH82-19289A;61,68; $64.814,00; $125.811,90;47,33%; $118.200,00;GH82-20634A;80,32; $84.407,72; $106.380,00;72,90%; $42.878,56;GH82-19269A;19,99; $21.008,60; $38.590,70;50,02%; $69.500,00;GH96-12415A;33,05; $34.734,99; $62.550,00;51,02%; $13.100,00;"GH82-19237A	";8,33; $8.756,11; $11.790,00;68,23%; $22.600,00;GH96-12460A;10,23; $10.755,05; $20.340,00;48,58%; $3.500,00;"	GH81-16711A";3,35; $3.520,35; $9.000,00;3001-002856;4,26; $4.476,62; $8.100,00;50,78%;;;;;;;;;;;;;;;;;; ;;;https://beemyphone.fr/wp-content/uploads/2021/12/samsung-galaxy-a50-double-sim-128-go-blanc.jpg
Galaxy A51 SM-A515F; $173.756,00;GH82-22083A;78,23; $82.206,54; $156.380,40;48,30%; $168.400,00;GH82-21678A;114,49; $120.312,07; $151.560,00;72,93%; $50.437,48;GH82-21668A;23,52; $24.712,14; $45.393,73;50,02%; $92.300,00;GH96-13020A;43,93; $46.168,22; $83.070,00;51,06%; $15.700,00;GH82-21694B;9,97; $10.478,89; $14.130,00;68,13%; $23.200,00;"	GH96-12992A";10,51; $11.046,55; $20.880,00;48,61%; $0,00;-;0,00; $0,00; $8.200,00;"	3001-002860";3,89; $4.087,81; $7.380,00;50,89%;;;;;;;;;;;;;;;;;; ;;;https://http2.mlstatic.com/D_NQ_NP_904996-MLA53603282738_022023-O.jpg
Galaxy A53 SM-A536; $185.936,00;GH82-28024A;81,99; $86.158,89; $167.342,40;47,30%; $283.300,00;GH82-28416A;192,56; $202.350,28; $254.970,00;72,91%; $53.284,04;GH82-28027A;24,84; $26.106,83; $47.955,63;50,02%; $67.300,00;"GH96-15001A	";32,04; $33.672,98; $60.570,00;51,08%; $29.000,00;"	GH98-47465A";18,40; $19.330,44; $26.100,00;68,04%; $39.200,00;GH59-15556A;17,74; $18.646,44; $35.280,00;48,56%; $3.100,00;GH02-23641A;2,91; $3.057,97; $13.700,00;GH96-15037A;6,54; $6.872,56; $12.330,00;51,21%;;;;;;;;;;;;;;;;;; ;;;https://http2.mlstatic.com/D_NQ_NP_807684-MLA49653661677_042022-O.jpg
Galaxy A54 5G SM-A546E; $151.179,00;GH82-31231A;63,44; $66.668,93; $136.061,10;45,02%; $241.800,00;GH82-31325A;164,33; $172.682,57; $217.620,00;72,90%; $54.736,97;GH82-31204A;25,52; $26.818,70; $49.263,27;50,02%; $61.300,00;GH96-15774A;29,16; $30.639,01; $55.170,00;51,02%; $21.900,00;"GH82-30687A	";13,87; $14.577,43; $19.710,00;67,95%; $27.900,00;GH96-15666A;12,64; $13.286,70; $25.110,00;48,61%; $5.900,00;"GH82-31516A	";5,57; $5.853,24; $9.500,00;"	GH96-15803A";4,52; $4.749,84; $8.550,00;51,04%;;;;;;;;;;;;;;;;;; ;;;https://m.media-amazon.com/images/I/516tj+cSADL._AC_SX679_.jpg
Galaxy A70 SM-A705M; $185.162,00;GH82-19747A;81,99; $86.158,89; $166.645,80;47,50%; $154.300,00;"	GH82-20016A";104,91; $110.241,56; $138.870,00;72,93%; $51.149,12;GH82-19746A;23,85; $25.060,81; $46.034,21;50,02%; $82.700,00;GH96-12576A;39,37; $41.370,75; $74.430,00;51,07%; $30.500,00;GH97-23356A;19,33; $20.317,19; $27.450,00;68,00%; $14.600,00;GH96-12468A;6,60; $6.935,61; $13.140,00;48,49%; $4.200,00;GH81-16831A;3,99; $4.192,89; $17.100,00;GH96-12554A;8,12; $8.532,91; $15.390,00;50,94%;;;;;;;;;;;;;;;;;; ;;;https://geotechbonanza.com/assets/uploads/d52f228cf17b3bcbc7f0d1022507dab7.jpg
Galaxy A71 SM-A715F; $184.441,00;GH82-22152A;83,99; $88.256,92; $165.996,90;48,85%; $246.000,00;GH82-22289A;167,24; $175.744,01; $221.400,00;72,93%; $46.031,39;GH82-22153A;21,46; $22.553,35; $41.428,25;50,02%; $47.100,00;"GH96-12834A	";22,43; $23.568,47; $42.390,00;51,08%; $29.000,00;"GH97-25738A	";18,42; $19.360,17; $26.100,00;68,15%; $19.900,00;GH96-12851A;9,01; $9.471,54; $17.910,00;48,59%; $2.700,00;"GH02-20352A	";2,57; $2.700,69; $11.900,00;"	GH96-12918A";5,68; $5.968,83; $10.710,00;51,20%;;;;;;;;;;;;;;;;;; ;;;https://www.alemaniacell.com/uploads/imagen-principal15241-1-1606420474.jpg
Galaxy A80 SM-A805F; $203.180,00;;0,00; $0,00; $182.862,00;0,00%; $0,00;;0,00; $0,00; $0,00;#¡DIV/0; $0,00;;0,00; $0,00; $0,00;#¡DIV/0; $0,00;;0,00; $0,00; $0,00;#¡DIV/0; $0,00;;0,00; $0,00; $0,00;#¡DIV/0; $0,00;;0,00; $0,00; $0,00;#¡DIV/0; $0,00;;; $0,00; $0,00;;; $0,00; $0,00;#¡DIV/0;;;;;;;;;;;;;;;;;; ;;;
Galaxy Buds + SM-R175;#N/D;;0,00; $0,00;#N/D;#N/D; $0,00;;0,00; $0,00; $0,00;#¡DIV/0; $0,00;;0,00; $0,00; $0,00;#¡DIV/0; $0,00;;0,00; $0,00; $0,00;#¡DIV/0; $0,00;;0,00; $0,00; $0,00;#¡DIV/0; $0,00;;0,00; $0,00; $0,00;#¡DIV/0; $0,00;;; $0,00; $0,00;;; $0,00; $0,00;#¡DIV/0;;;;;;;;;;;;;;;;;;;;;
Galaxy Buds 2 SM-R177;#N/D;;0,00; $0,00;#N/D;#N/D; $0,00;;0,00; $0,00; $0,00;#¡DIV/0; $0,00;;0,00; $0,00; $0,00;#¡DIV/0; $0,00;;0,00; $0,00; $0,00;#¡DIV/0; $0,00;;0,00; $0,00; $0,00;#¡DIV/0; $0,00;;0,00; $0,00; $0,00;#¡DIV/0; $0,00;;; $0,00; $0,00;;; $0,00; $0,00;#¡DIV/0;;;;;;;;;;;;;;;;;;;;;
Buds2 pro SM-R510;#N/D;;0,00; $0,00;#N/D;#N/D; $0,00;;0,00; $0,00; $0,00;#¡DIV/0; $0,00;;0,00; $0,00; $0,00;#¡DIV/0; $0,00;;0,00; $0,00; $0,00;#¡DIV/0; $0,00;;0,00; $0,00; $0,00;#¡DIV/0; $0,00;;0,00; $0,00; $0,00;#¡DIV/0; $0,00;;; $0,00; $0,00;;; $0,00; $0,00;#¡DIV/0;;;;;;;;;;;;;;;;;; ;;;
Galaxy Buds Live SM-R180;#N/D;;0,00; $0,00;#N/D;#N/D; $0,00;;0,00; $0,00; $0,00;#¡DIV/0; $0,00;;0,00; $0,00; $0,00;#¡DIV/0; $0,00;;0,00; $0,00; $0,00;#¡DIV/0; $0,00;;0,00; $0,00; $0,00;#¡DIV/0; $0,00;;0,00; $0,00; $0,00;#¡DIV/0; $0,00;;; $0,00; $0,00;;; $0,00; $0,00;#¡DIV/0;;;;;;;;;;;;;;;;;;;;;
Galaxy Buds Pro SM-R190;#N/D;;0,00; $0,00;#N/D;#N/D; $0,00;;0,00; $0,00; $0,00;#¡DIV/0; $0,00;;0,00; $0,00; $0,00;#¡DIV/0; $0,00;;0,00; $0,00; $0,00;#¡DIV/0; $0,00;;0,00; $0,00; $0,00;#¡DIV/0; $0,00;;0,00; $0,00; $0,00;#¡DIV/0; $0,00;;; $0,00; $0,00;;; $0,00; $0,00;#¡DIV/0;;;;;;;;;;;;;;;;;;;;;
Galaxy Fit SM-R370; $85.268,70;;0,00; $0,00; $76.741,83;0,00%; $0,00;;0,00; $0,00; $0,00;#¡DIV/0; $0,00;;0,00; $0,00; $0,00;#¡DIV/0; $0,00;;0,00; $0,00; $0,00;#¡DIV/0; $0,00;;0,00; $0,00; $0,00;#¡DIV/0; $0,00;;0,00; $0,00; $0,00;#¡DIV/0; $0,00;;; $0,00; $0,00;;; $0,00; $0,00;#¡DIV/0;;;;;;;;;;;;;;;;;;;;;
Galaxy Fit SM-R370N;#N/D;;0,00; $0,00;#N/D;#N/D; $0,00;;0,00; $0,00; $0,00;#¡DIV/0; $0,00;;0,00; $0,00; $0,00;#¡DIV/0; $0,00;;0,00; $0,00; $0,00;#¡DIV/0; $0,00;;0,00; $0,00; $0,00;#¡DIV/0; $0,00;;0,00; $0,00; $0,00;#¡DIV/0; $0,00;;; $0,00; $0,00;;; $0,00; $0,00;#¡DIV/0;;;;;;;;;;;;;;;;;;;;;
Galaxy Fit 2 SM-R220; $82.197,50;;0,00; $0,00; $73.977,75;0,00%; $0,00;;0,00; $0,00; $0,00;#¡DIV/0; $0,00;;0,00; $0,00; $0,00;#¡DIV/0; $0,00;;0,00; $0,00; $0,00;#¡DIV/0; $0,00;;0,00; $0,00; $0,00;#¡DIV/0; $0,00;;0,00; $0,00; $0,00;#¡DIV/0; $0,00;;; $0,00; $0,00;;; $0,00; $0,00;#¡DIV/0;;;;;;;;;;;;;;;;;;;;;
Galaxy Fit Lite SM-R375N;#N/D;;0,00; $0,00;#N/D;#N/D; $0,00;;0,00; $0,00; $0,00;#¡DIV/0; $0,00;;0,00; $0,00; $0,00;#¡DIV/0; $0,00;;0,00; $0,00; $0,00;#¡DIV/0; $0,00;;0,00; $0,00; $0,00;#¡DIV/0; $0,00;;0,00; $0,00; $0,00;#¡DIV/0; $0,00;;; $0,00; $0,00;;; $0,00; $0,00;#¡DIV/0;;;;;;;;;;;;;;;;;;;;;
Galaxy Gear Fit 2 Pro SM-R365; $84.454,70;;0,00; $0,00; $76.009,23;0,00%; $0,00;;0,00; $0,00; $0,00;#¡DIV/0; $0,00;;0,00; $0,00; $0,00;#¡DIV/0; $0,00;;0,00; $0,00; $0,00;#¡DIV/0; $0,00;;0,00; $0,00; $0,00;#¡DIV/0; $0,00;;0,00; $0,00; $0,00;#¡DIV/0; $0,00;;; $0,00; $0,00;;; $0,00; $0,00;#¡DIV/0;;;;;;;;;;;;;;;;;;;;;
Galaxy Gear S3 SM-R760; $126.192,00;;0,00; $0,00; $113.572,80;0,00%; $0,00;;0,00; $0,00; $0,00;#¡DIV/0; $0,00;;0,00; $0,00; $0,00;#¡DIV/0; $0,00;;0,00; $0,00; $0,00;#¡DIV/0; $0,00;;0,00; $0,00; $0,00;#¡DIV/0; $0,00;;0,00; $0,00; $0,00;#¡DIV/0; $0,00;;; $0,00; $0,00;;; $0,00; $0,00;#¡DIV/0;;;;;;;;;;;;;;;;;;;;;
Galaxy Gear S3 Classic SM-R770; $134.924,90;;0,00; $0,00; $121.432,41;0,00%; $0,00;;0,00; $0,00; $0,00;#¡DIV/0; $0,00;;0,00; $0,00; $0,00;#¡DIV/0; $0,00;;0,00; $0,00; $0,00;#¡DIV/0; $0,00;;0,00; $0,00; $0,00;#¡DIV/0; $0,00;;0,00; $0,00; $0,00;#¡DIV/0; $0,00;;; $0,00; $0,00;;; $0,00; $0,00;#¡DIV/0;;;;;;;;;;;;;;;;;;;;;
Galaxy Note 10 Plus  SM-N975F; $485.755,00;GH82-20838A;283,69; $298.112,37; $437.179,50;62,65%; $327.600,00;GH82-20835A;222,66; $233.983,30; $294.840,00;72,91%; $57.346,31;GH82-20814A;26,74; $28.097,17; $51.611,68;50,02%; $163.700,00;GH96-12615A;103,88; $109.160,76; $147.330,00;68,07%; $44.500,00;GH97-23662A;28,24; $29.678,01; $40.050,00;68,08%; $30.200,00;GH96-12741A;13,68; $14.379,98; $27.180,00;48,61%; $7.900,00;GH82-20798A;7,48; $7.860,36; $15.700,00;GH96-12684A;7,48; $7.860,36; $14.130,00;51,11%;;;;;;;;;;;;;;;;;; ;;;https://www.custommacbd.com/cdn/shop/products/samsung-galaxy-note-10-plus-n975-dual-sim-256gb-negro.jpg?v=1613634899
Galaxy Note 20  SM-N980F; $320.884,00;GH82-23495A;153,83; $161.653,84; $288.795,60;51,43%; $387.500,00;GH82-23500A;263,37; $276.766,88; $348.750,00;72,91%; $48.475,91;GH82-23496A;30,75; $32.317,28; $43.628,32;68,05%; $115.600,00;GH96-13561A;55,02; $57.816,53; $104.040,00;51,06%; $37.000,00;GH82-23520A;23,45; $24.639,55; $33.300,00;67,98%; $24.000,00;GH96-13562A;10,89; $11.445,46; $21.600,00;48,68%; $3.700,00;GH82-23535A;3,51; $3.688,48; $11.700,00;GH96-13726A;5,55; $5.832,22; $10.530,00;50,89%;;;;;;;;;;;;;;;;;; ;;;https://www.manual.ar/thumbs/products/l/1260238-samsung-galaxy-note-20.jpg
Galaxy Note 20 Plus SM-N985F; $479.381,00;GH82-31461A;184,84; $194.235,80; $431.442,90;41,36%; $392.000,00;GH82-23342A;266,43; $279.979,54; $352.800,00;72,91%; $41.587,39;GH82-23333A;19,39; $20.375,99; $37.428,65;50,02%; $140.200,00;GH96-13572B;66,71; $70.105,91; $126.180,00;51,05%; $53.100,00;GH97-25125A;33,67; $35.386,44; $47.790,00;68,03%; $23.000,00;"	GH96-13570A";10,44; $10.969,84; $20.700,00;48,69%; $8.200,00;GH82-23394A;7,81; $8.207,14; $12.100,00;GH96-13602A;5,77; $6.063,41; $10.890,00;51,15%;;;;;;;;;;;;;;;;;; ;;;https://m.media-amazon.com/images/I/51g3QNsGzKL.jpg
Galaxy Note10 SM-N975; $666.659,00;GH82-20818A;237,44; $249.513,34; $599.993,10;38,21%; $313.000,00;GH82-20812A;212,79; $223.605,89; $281.700,00;72,93%; $46.211,55;GH82-20813A;21,55; $22.641,62; $41.590,40;50,02%; $222.500,00;GH96-12726A;105,89; $111.271,50; $200.250,00;51,05%; $33.100,00;GH97-23774A;21,03; $22.097,32; $29.790,00;68,15%; $33.300,00;GH96-12781A;15,07; $15.838,67; $29.970,00;48,55%; $7.600,00;GH82-20799A;7,19; $7.555,61; $15.700,00;GH96-12745A;7,48; $7.860,36; $14.130,00;51,11%;;;;;;;;;;;;;;;;;; ;;;https://http2.mlstatic.com/D_NQ_NP_644266-MLA53962252820_022023-V.jpg
Galaxy Note8 SM-N950F; $457.262,00;GH97-21065A;186,92; $196.424,34; $411.535,80;43,85%; $224.000,00;GH82-15240A;152,24; $159.978,00; $201.600,00;72,91%; $41.347,18;GH82-15090A;19,28; $20.258,29; $37.212,46;50,02%; $86.200,00;GH96-11024A;41,03; $43.115,71; $77.580,00;51,06%; $41.600,00;GH97-20854A;26,38; $27.719,50; $37.440,00;68,02%; $35.000,00;GH97-21067A;18,52; $19.464,23; $31.500,00;56,77%; $9.500,00;GH82-15092A;9,07; $9.531,21; $11.400,00;GH96-10999A;5,41; $5.685,10; $10.260,00;50,91%;;;;;;;;;;;;;;;;;; ;;;https://i.blogs.es/0ddbc3/note-8/1366_2000.png
Galaxy Note9 SM-N9600; $416.693,00;GH97-22272A;194,34; $204.219,31; $375.023,70;50,03%; $311.000,00;GH82-17599A;211,39; $222.137,27; $279.900,00;72,91%; $46.571,88;GH82-17563A;21,71; $22.818,17; $41.914,69;50,02%; $115.300,00;GH96-11753A;54,86; $57.647,13; $103.770,00;51,04%; $28.100,00;GH82-17005A;17,86; $18.765,39; $25.290,00;68,17%; $17.200,00;GH97-22279A;7,81; $8.211,78; $15.480,00;48,74%; $7.600,00;GH82-17461A;7,21; $7.576,63; $14.900,00;GH96-11803A;7,11; $7.471,55; $13.410,00;51,19%;;;;;;;;;;;;;;;;;; ;;;https://argentina.solutekla.com/photo/1/samsung/celulares/galaxy_note_9_azul/galaxy_note_9_azul_0001
Galaxy S10 SM-G973F; $416.116,00;GH82-18850A;192,93; $202.743,93; $374.504,40;49,74%; $283.300,00;GH82-19570A;192,56; $202.353,43; $254.970,00;72,91%; $52.720,65;GH82-18826A;24,58; $25.830,80; $47.448,59;50,02%; $146.700,00;GH96-12162A;93,06; $97.793,29; $132.030,00;68,05%; $38.800,00;GH82-18554A;24,59; $25.845,37; $34.920,00;68,00%; $0,00;EN PLACA;0,00; $0,00; $0,00;#¡DIV/0; $7.100,00;GH82-18800A;6,73; $7.072,22; $15.200,00;GH96-12210A;7,25; $7.618,67; $13.680,00;51,17%;;;;;;;;;;;;;;;;;; ;;;https://celularess.com/wp-content/uploads/2019/12/Samsung-Galaxy-S10-1.jpg
Galaxy S10+ SM-G975F; $436.009,00;GH82-18849A;229,11; $240.756,17; $392.408,10;56,37%; $279.200,00;GH82-23076A;189,80; $199.448,67; $251.280,00;72,92%; $50.704,34;GH82-18827A;23,64; $24.842,89; $45.633,91;50,02%; $146.700,00;GH96-12162A;93,06; $97.793,29; $132.030,00;68,05%; $49.000,00;GH82-19897A;31,07; $32.647,26; $44.100,00;68,01%; $0,00;EN PLACA;0,00; $0,00; $0,00;#¡DIV/0; $7.400,00;GH82-18802A;7,06; $7.419,00; $35.400,00;GH96-12374A;16,85; $17.706,83; $31.860,00;51,06%;;;;;;;;;;;;;;;;;; ;;;https://www.mobiledokan.com/wp-content/uploads/2019/03/Samsung-Galaxy-S10-Plus-White.jpg
Galaxy S10e SM-G970F; $324.407,00;GH82-18852A;160,89; $169.068,00; $291.966,30;53,20%; $244.800,00;GH82-19294A;166,37; $174.834,18; $220.320,00;72,91%; $43.358,99;GH82-18825A;20,22; $21.243,99; $39.023,09;50,02%; $119.900,00;GH96-12163A;76,08; $79.953,69; $107.910,00;68,07%; $47.400,00;GH82-18638A;30,10; $31.628,82; $42.660,00;68,12%; $0,00;EN PLACA;0,00; $0,00; $0,00;#¡DIV/0; $5.300,00;GH82-18798A;5,09; $5.348,83; $27.500,00;GH96-12214A;13,10; $13.766,14; $24.750,00;51,10%;;;;;;;;;;;;;;;;;; ;;;https://a.allegroimg.com/original/11e8ad/6edd9fcd46ec9872a1f665523950/Samsung-Galaxy-S10e-G970F-6-128GB-Kolory-do-wyboru
Galaxy S20 SM-G980F; $388.873,00;GH82-31432A;157,12; $165.105,27; $349.985,70;43,34%; $305.500,00;GH82-22501A;207,66; $218.216,91; $274.950,00;72,92%; $51.415,98;GH82-22122A;23,97; $25.191,56; $46.274,38;50,02%; $88.700,00;GH96-13052A;46,88; $49.260,50; $79.830,00;56,69%; $35.200,00;GH82-22203A;22,30; $23.436,11; $31.680,00;67,97%; $18.600,00;GH96-13080A;8,41; $8.833,89; $16.740,00;48,48%; $5.800,00;GH82-22124A;5,54; $5.821,71; $13.500,00;GH96-13088A;6,44; $6.767,48; $12.150,00;51,17%;;;;;;;;;;;;;;;;;; ;;;https://m.media-amazon.com/images/I/61yzlfjQDRL._AC_SX679_.jpg
Galaxy S20 FE SM-G780F; $180.261,00;GH82-24219A;81,52; $85.663,01; $162.234,90;48,51%; $331.700,00;GH82-24308A;225,49; $236.956,94; $298.530,00;72,92%; $50.259,57;GH82-24205A;23,43; $24.624,97; $45.233,61;50,02%; $83.600,00;GH96-13921A;39,77; $41.796,68; $75.240,00;51,04%; $28.900,00;GH97-25585A;18,35; $19.285,83; $26.010,00;68,12%; $34.600,00;GH96-13917A;15,70; $16.499,84; $31.140,00;48,68%; $1.000,00;GH81-19848A;0,99; $1.040,34; $20.200,00;GH96-13869A;9,62; $10.109,18; $18.180,00;51,09%;;;;;;;;;;;;;;;;;; ;;;https://startechcomputacion.com.ar/web/image/product.product/1661/image_1024/CELULAR%20SAMSUNG%20GALAXY%20S20%20FE%20-%20PANTALLA%206.5%20-%20AZUL%22%2C%20OCTA%20CORE%2C%206GB%20RAM%2C%20128GB%20ALMACENAMIENTO%2C%2064MPX?unique=3f48175
Galaxy S20 Plus SM-G985F; $437.578,00;GH82-31441A;158,91; $166.990,20; $393.820,20;38,96%; $312.100,00;GH82-22296A;212,16; $222.950,47; $280.890,00;72,92%; $52.097,97;GH82-22133A;24,29; $25.525,71; $46.888,17;50,02%; $161.200,00;GH96-13051A;76,69; $80.584,46; $145.080,00;51,03%; $34.300,00;GH82-22367A;21,76; $22.862,35; $30.870,00;68,04%; $30.000,00;GH96-13083A;13,61; $14.304,07; $27.000,00;48,67%; $5.600,00;GH82-22135A;5,37; $5.643,07; $13.700,00;GH96-13065A;6,54; $6.872,56; $12.330,00;51,21%;;;;;;;;;;;;;;;;;; ;;;https://walmartcr.vtexassets.com/arquivos/ids/201413/Celular-Samsung-S20-Plus-8Gb-128Gb-2-63582.jpg?v=637576374627170000
Galaxy S20 Ultra SM-G988B; $438.139,00;GH82-26032A;203,01; $213.337,95; $394.325,10;49,71%; $364.500,00;GH82-22270A;247,77; $260.366,68; $328.050,00;72,92%; $53.254,38;GH82-22272A;24,83; $26.092,30; $47.928,95;50,02%; $223.600,00;GH96-13111A;141,84; $149.048,52; $201.240,00;68,05%; $52.700,00;GH82-22264A;33,46; $35.159,87; $47.430,00;68,11%; $30.400,00;GH96-13300A;13,77; $14.471,10; $27.360,00;48,59%; $6.600,00;GH82-22280A;6,25; $6.567,82; $13.200,00;GH96-13087A;6,26; $6.578,32; $11.880,00;50,87%;;;;;;;;;;;;;;;;;; ;;;https://http2.mlstatic.com/D_NQ_NP_782349-MLA43170914503_082020-O.jpg
Galaxy S21 Plus SM-G996B; $286.705,00;GH82-27267A;119,79; $125.881,52; $258.034,50;44,82%; $307.300,00;GH82-24552A;208,85; $219.467,06; $276.570,00;72,91%; $45.190,63;GH82-24556A;21,07; $22.141,42; $40.671,57;50,02%; $149.500,00;GH96-13961A;71,14; $74.753,03; $134.550,00;51,04%; $37.800,00;GH82-24604A;23,96; $25.177,10; $34.020,00;67,99%; $45.700,00;GH96-13993A;20,72; $21.773,66; $41.130,00;48,64%; $11.100,00;GH82-24565A;10,57; $11.107,49; $34.000,00;GH96-13996A;16,19; $17.013,27; $30.600,00;51,08%;;;;;;;;;;;;;;;;;; ;;;https://img.tuttoandroid.net/wp-content/uploads/2021/01/Samsung-Galaxy-S21-plus-tag-3.jpg
Galaxy S21 Ultra SM-G998B; $378.622,00;GH82-26035A;230,69; $242.418,97; $340.759,80;65,36%; $333.600,00;GH82-24920A;226,73; $238.255,63; $300.240,00;72,91%; $56.990,49;GH82-24592A;26,57; $27.922,83; $51.291,44;50,02%; $200.200,00;GH96-13979A;95,24; $100.082,05; $180.180,00;51,03%; $70.800,00;GH82-24571A;44,92; $47.208,08; $63.720,00;68,07%; $33.200,00;GH96-14064A;15,04; $15.808,60; $29.880,00;48,61%; $6.900,00;GH82-24597A;6,54; $6.872,56; $13.700,00;GH96-13947A;6,53; $6.862,05; $12.330,00;51,13%;;;;;;;;;;;;;;;;;; ;;;https://i0.wp.com/conectamos.shop/wp-content/uploads/2021/11/samsung_galaxy_s21_ultra_g998_12gb_128gb_03_negro_ad_l.jpg?fit=800%2C800&ssl=1
Galaxy S21Fe SM-G990E; $213.591,00;GH82-26414A;109,20; $114.755,62; $192.231,90;54,85%; $390.200,00;GH82-27278A;265,20; $278.683,63; $351.180,00;72,91%; $45.250,69;GH82-26409A;21,10; $22.170,84; $40.725,62;50,02%; $83.600,00;GH96-13921A;39,77; $41.796,68; $75.240,00;51,04%; $27.300,00;GH97-26626A;17,35; $18.230,09; $24.570,00;68,17%; $36.400,00;GH96-14826A;16,47; $17.311,32; $32.760,00;48,55%; $3.400,00;GH81-20833A;3,26; $3.425,77; $15.100,00;GH96-14515A;7,17; $7.534,60; $13.590,00;50,94%;;;;;;;;;;;;;;;;;; ;;;https://kdtec.cl/wp-content/uploads/2023/03/Samsung-Galaxy-S21-FE-5G-3.jpg
Galaxy S22 SM-S901E; $299.406,00;GH82-27520A;153,89; $161.716,35; $269.465,40;55,14%; $396.300,00;GH82-27522A;269,37; $283.066,94; $356.670,00;72,91%; $49.814,79;GH82-27494A;23,23; $24.407,05; $44.833,31;50,02%; $113.800,00;GH96-14765A;54,15; $56.904,39; $102.420,00;51,05%; $35.200,00;GH82-27396A;22,33; $23.465,53; $31.680,00;68,05%; $44.700,00;GH96-14922A;21,25; $22.332,71; $40.230,00;51,00%; $6.500,00;GH82-27496A;6,22; $6.536,29; $21.200,00;GH96-14827A;10,07; $10.582,06; $19.080,00;50,95%;;;;;;;;;;;;;;;;;; ;;;https://media.ldlc.com/r1600/ld/products/00/05/92/89/LD0005928938_1.jpg
Galaxy S22 Ultra SM-S908E; $441.678,00;GH82-27488A;229,66; $241.338,74; $397.510,20;55,78%; $443.000,00;GH82-27706A;301,11; $316.422,72; $398.700,00;72,91%; $57.287,01;GH82-27484A;26,71; $28.068,11; $51.558,31;50,02%; $109.100,00;GH96-14774A;51,89; $54.532,83; $98.190,00;51,03%; $50.000,00;GH82-27423A;31,72; $33.335,78; $45.000,00;68,06%; $44.300,00;GH96-14920A;21,06; $22.126,73; $39.870,00;50,99%; $6.900,00;GH82-27490A;6,54; $6.872,56; $28.200,00;GH96-14862A;13,43; $14.112,92; $25.380,00;51,09%;;;;;;;;;;;;;;;;;; ;;;https://m.media-amazon.com/images/I/71J8tz0UeJL._SL1500_.jpg
Galaxy S23 SM-S911B; $277.576,00;GH82-30480A;122,82; $129.065,46; $249.818,40;47,47%; $513.400,00;GH82-30542A;348,97; $366.718,31; $462.060,00;72,92%; $59.308,47;GH82-30483A;37,63; $39.538,98; $53.377,63;68,05%; $106.000,00;GH96-15557A;50,44; $53.001,61; $95.400,00;51,04%; $41.400,00;GH82-30596A;26,27; $27.603,27; $37.260,00;68,06%; $39.100,00;GH96-15629A;18,59; $19.538,59; $35.190,00;51,01%; $3.800,00;GH82-30553A;3,64; $3.825,10; $25.600,00;GH97-28456A;12,18; $12.799,36; $23.040,00;51,04%;;;;;;;;;;;;;;;;;; ;;;https://olmoshogar.com.ar/wp-content/uploads/2023/03/CELU-SAMSUNG-S23-GREEN-256GB.jpg
Galaxy S23 Plus SM-S916B; $313.372,00;GH82-30476A;139,33; $146.410,11; $282.034,80;47,69%; $554.000,00;GH82-30604A;376,57; $395.717,63; $498.600,00;72,92%; $66.193,77;GH82-30470A;30,86; $32.432,03; $59.574,39;50,02%; $106.000,00;GH96-15557A;50,44; $53.001,61; $95.400,00;51,04%; $40.400,00;GH82-30601A;25,63; $26.934,97; $36.360,00;68,06%; $44.400,00;GH96-15620A;21,13; $22.200,28; $39.960,00;51,04%; $4.100,00;GH82-30556A;3,87; $4.066,79; $24.700,00;GH97-28635A;11,77; $12.368,51; $22.230,00;51,12%;;;;;;;;;;;;;;;;;; ;;;https://http2.mlstatic.com/D_NQ_NP_770561-MLA53603195698_022023-O.webp
Galaxy S23 Ultra SM-S918B; $446.595,00;GH82-30465A;230,84; $242.576,75; $401.935,50;55,45%; $670.400,00;GH82-30524A;455,71; $478.883,56; $603.360,00;72,92%; $67.774,69;GH82-30459A;31,60; $33.206,61; $60.997,22;50,02%; $135.200,00;GH96-15525A;64,32; $67.595,69; $121.680,00;51,04%; $59.900,00;GH82-30689A;38,00; $39.930,40; $53.910,00;68,05%; $40.300,00;GH96-15782A;19,18; $20.155,36; $36.270,00;51,05%; $5.200,00;GH82-30558A;4,99; $5.243,74; $25.200,00;GH97-28681A;12,01; $12.620,71; $22.680,00;51,13%;;;;;;;;;;;;;;;;;; ;;;https://http2.mlstatic.com/D_NQ_NP_846004-MLA53452158229_012023-O.jpg
Galaxy S7 SM-G930F; $206.191,00;GH97-18523A;79,54; $83.583,92; $185.571,90;41,38%; $154.900,00;"	GH82-11625A	";105,31; $110.661,17; $139.410,00;72,93%; $24,08;"GH43-04574A	";0,01; $11,80; $21,67;50,02%; $57.600,00;GH96-09521A;27,43; $28.823,57; $51.840,00;51,08%; $42.500,00;GH82-11508A;26,96; $28.329,67; $38.250,00;68,05%; $39.500,00;GH97-18576A;18,78; $19.731,92; $35.550,00;50,99%; $3.700,00;GH81-13702A;3,52; $3.698,99; $15.000,00;GH96-09751A;7,12; $7.482,05; $13.500,00;50,92%;;;;;;;;;;;;;;;;;; ;;;https://http2.mlstatic.com/D_NQ_NP_985050-MLA31933448742_082019-O.jpg
Galaxy S7 edge SM-G935F; $419.320,00;GH97-18533A;167,56; $176.076,17; $377.388,00;42,87%; $151.600,00;GH82-11657A;103,04; $108.283,41; $136.440,00;72,91%; $32.219,07;GH43-04575B;20,44; $21.479,38; $28.997,17;68,05%; $66.600,00;GH96-09855A;31,68; $33.292,67; $59.940,00;51,03%; $38.400,00;GH82-11498A;24,37; $25.612,93; $34.560,00;68,09%; $0,00;EN PANTALLA;0,00; $0,00; $0,00;#¡DIV/0; $1.500,00;GH81-13555A;1,43; $1.502,72; $8.300,00;"GH96-09513A	";3,97; $4.171,88; $7.470,00;51,31%;;;;;;;;;;;;;;;;;; ;;;https://http2.mlstatic.com/D_NQ_NP_994484-MLA31895535712_082019-O.jpg
Galaxy S8 SM-G950F; $375.739,00;GH97-20457A;165,73; $174.158,16; $338.165,10;47,32%; $210.000,00;GH82-14496A;142,72; $149.973,90; $189.000,00;72,90%; $38.937,40;GH82-14642A;18,15; $19.077,61; $35.043,66;50,02%; $83.000,00;GH96-10638A;39,49; $41.495,67; $74.700,00;51,04%; $20.800,00;GH82-14547A;13,22; $13.894,11; $18.720,00;68,19%; $32.600,00;GH97-20392A;20,65; $21.700,08; $29.340,00;67,95%; $5.100,00;GH82-14108A;4,87; $5.117,64; $13.900,00;GH96-10610A;6,61; $6.946,12; $12.510,00;51,01%;;;;;;;;;;;;;;;;;; ;;;https://d2r9epyceweg5n.cloudfront.net/stores/892/671/products/prod101-088c17ad8e2880d82315408169524681-1024-1024.jpg
Galaxy S8 Plus SM-G955F; $392.877,00;GH97-20731A;198,72; $208.822,85; $353.589,30;54,26%; $195.000,00;GH82-14528A;132,52; $139.257,01; $175.500,00;72,90%; $32.510,66;GH82-14656A;15,16; $15.928,79; $29.259,60;50,02%; $83.000,00;GH96-10638A;39,49; $41.495,67; $74.700,00;51,04%; $17.500,00;GH97-20540A;11,08; $11.644,93; $15.750,00;67,93%; $33.900,00;GH97-20394A;21,53; $22.626,93; $30.510,00;68,14%; $5.700,00;GH82-14072A;5,39; $5.664,08; $10.100,00;GH96-10618A;4,81; $5.054,59; $9.090,00;51,09%;;;;;;;;;;;;;;;;;; ;;;https://cdn.alloallo.media/catalog/product/samsung/galaxy-s/galaxy-s8-plus/galaxy-s8-plus-artic-silver.jpg
Galaxy S9 SM-G9600; $363.999,00;"	GH97-21717A";158,66; $166.731,98; $327.599,10;46,76%; $281.500,00;"GH82-16141A	";191,32; $201.047,02; $253.350,00;72,91%; $47.833,01;GH82-15963A;22,30; $23.436,07; $43.049,71;50,02%; $89.400,00;GH96-11483A;42,53; $44.695,79; $80.460,00;51,04%; $36.400,00;GH97-21335A;23,07; $24.247,30; $32.760,00;68,00%; $28.100,00;GH97-21706A;17,83; $18.735,60; $25.290,00;68,06%; $8.600,00;GH82-15974A;8,19; $8.606,46; $36.100,00;GH96-11522A;17,19; $18.064,12; $32.490,00;51,08%;;;;;;;;;;;;;;;;;; ;;;https://bigmag.ua/image/catalog/archive/data/Katya/ch/samsung-galaxy-s9-6128gb-g965f-zolotoj-sunrise-gold-eu.jpg
Galaxy S9 Plus SM-G9650; $390.907,00;GH97-21721A;176,39; $185.358,82; $351.816,30;48,41%; $270.300,00;GH82-16059A;183,73; $193.067,59; $243.270,00;72,91%; $46.061,42;"	GH82-15960A";21,48; $22.568,06; $41.455,28;50,02%; $162.200,00;GH96-11454A;77,19; $81.112,25; $145.980,00;51,05%; $0,00;GH82-16048A;0,00; $0,00; $0,00;#¡DIV/0; $29.800,00;"	GH97-21704A";18,93; $19.890,51; $26.820,00;68,14%; $9.700,00;GH82-15966A;9,25; $9.720,37; $28.700,00;GH96-11627A;13,65; $14.344,11; $25.830,00;51,02%;;;;;;;;;;;;;;;;;; ;;;https://desweetphones.com/wp-content/uploads/2018/10/2-1-e1540254365714-600x600.jpg
Galaxy Tab A 10; $182.076,74;GH81-19690A;83,43; $87.672,02; $163.869,07;49,15%; $147.200,00;GH81-19685A;100,08; $105.168,16; $132.480,00;72,93%; $54.885,23;GH81-19691A;25,59; $26.891,34; $49.396,70;50,02%; $8.600,00;GH81-19644A;4,07; $4.276,75; $7.740,00;50,77%; $32.500,00;GH81-19744A;20,64; $21.685,40; $29.250,00;68,11%; $16.900,00;"GH81-19632A	";7,65; $8.040,68; $15.210,00;48,57%; $400,00;GH81-19671A GH81-19673A GH81-19675A GH81-19677A                     ;0,38; $399,32; $1.500,00;GH81-19645A;0,69; $725,09; $1.350,00;49,35%;;;;;;;;;;;;;;;;;;;;;
Galaxy Tab A 10.1 SM-T510N; $193.794,00;GH82-19563A;92,40; $97.094,07; $174.414,60;51,15%; $76.100,00;GH82-19671A;51,75; $54.376,46; $68.490,00;72,94%; $46.842,12;GH43-04936A;21,84; $22.950,57; $42.157,91;50,02%; $10.900,00;"	GH96-12410A";5,21; $5.469,68; $9.810,00;51,23%; $55.800,00;GH81-11962M;35,41; $37.213,11; $50.220,00;68,08%; $10.200,00;GH82-19562A;4,64; $4.871,64; $9.180,00;48,76%; $2.600,00;GH82-19579A;2,51; $2.637,63; $1.400,00;GH96-12497A;0,67; $704,07; $1.260,00;51,34%;;;;;;;;;;;;;;;;;;;;;
Galaxy Tab A 10.5 SM-T590N; $217.979,00;GH97-22197A;76,11; $79.979,50; $196.181,10;37,46%; $110.300,00;"GH82-20018A	";74,97; $78.782,25; $99.270,00;72,91%; $33.093,40;GH43-04840A;15,43; $16.214,31; $29.784,06;50,02%; $14.800,00;"GH96-10378A	";7,04; $7.392,73; $13.320,00;50,99%; $14.500,00;GH82-17569A;9,19; $9.658,17; $13.050,00;68,00%; $8.000,00;GH82-17350A;3,64; $3.826,55; $7.200,00;48,83%; $400,00;"GH02-16254A	";0,35; $367,80; $900,00;GH96-11756A    ;0,42; $441,36; $810,00;50,06%;;;;;;;;;;;;;;;;;;;;;
"Galaxy Tab A 8"" SM-T290N"; $138.026,00;GH81-17227A;64,59; $67.878,97; $124.223,40;50,20%; $72.800,00;GH81-17187A;49,48; $51.993,32; $65.520,00;72,91%; $25.145,04;"GH81-17145A	";11,72; $12.319,96; $22.630,53;50,02%; $19.500,00;GH81-17124A;9,28; $9.751,47; $17.550,00;51,05%; $13.800,00;GH81-17297A;8,75; $9.191,60; $12.420,00;67,99%; $0,00;-;0,00; $0,00; $0,00;#¡DIV/0; $0,00;-;0,00; $0,00; $7.000,00;GH81-17230A;3,32; $3.488,82; $6.300,00;50,88%;;;;;;;;;;;;;;;;;;;;;
"Galaxy Tab A Plus 8"" SM-P205N"; $188.509,00;GH96-12404A;52,68; $55.353,82; $169.658,10;29,98%; $90.400,00;GH82-19317A;61,47; $64.592,41; $81.360,00;72,94%; $33.860,16;GH43-04428B;15,79; $16.589,99; $30.474,14;50,02%; $10.900,00;GH96-12410A;5,21; $5.469,68; $9.810,00;51,23%; $13.000,00;GH98-44012A;8,23; $8.647,26; $11.700,00;67,90%; $4.900,00;GH82-19318A;2,20; $2.311,44; $4.410,00;48,15%; $300,00;"GH82-19319A	";0,29; $304,75; $2.000,00;GH96-12411A;0,94; $987,80; $1.800,00;50,42%;;;;;;;;;;;;;;;;;;;;;
"Galaxy Tab Active 2 8"" SM-T395N"; $206.832,00;;0,00; $0,00; $186.148,80;0,00%; $0,00;;0,00; $0,00; $0,00;#¡DIV/0; $0,00;;0,00; $0,00; $0,00;#¡DIV/0; $0,00;;0,00; $0,00; $0,00;#¡DIV/0; $0,00;;0,00; $0,00; $0,00;#¡DIV/0; $0,00;;0,00; $0,00; $0,00;#¡DIV/0; $0,00;;; $0,00; $0,00;;; $0,00; $0,00;#¡DIV/0;;;;;;;;;;;;;;;;;;;;;
Galaxy Tab S4 10;#N/D;;0,00; $0,00;#N/D;#N/D; $0,00;;0,00; $0,00; $0,00;#¡DIV/0; $0,00;;0,00; $0,00; $0,00;#¡DIV/0; $0,00;;0,00; $0,00; $0,00;#¡DIV/0; $0,00;;0,00; $0,00; $0,00;#¡DIV/0; $0,00;;0,00; $0,00; $0,00;#¡DIV/0; $0,00;;; $0,00; $0,00;;; $0,00; $0,00;#¡DIV/0;;;;;;;;;;;;;;;;;;;;;
Galaxy Tab S5e SM-T720N; $255.060,30;;0,00; $0,00; $229.554,27;0,00%; $0,00;;0,00; $0,00; $0,00;#¡DIV/0; $0,00;;0,00; $0,00; $0,00;#¡DIV/0; $0,00;;0,00; $0,00; $0,00;#¡DIV/0; $0,00;;0,00; $0,00; $0,00;#¡DIV/0; $0,00;;0,00; $0,00; $0,00;#¡DIV/0; $0,00;;; $0,00; $0,00;;; $0,00; $0,00;#¡DIV/0;;;;;;;;;;;;;;;;;;;;;
Galaxy Watch Active SM-R500N; $103.638,70;;0,00; $0,00; $93.274,83;0,00%; $0,00;;0,00; $0,00; $0,00;#¡DIV/0; $0,00;;0,00; $0,00; $0,00;#¡DIV/0; $0,00;;0,00; $0,00; $0,00;#¡DIV/0; $0,00;;0,00; $0,00; $0,00;#¡DIV/0; $0,00;;0,00; $0,00; $0,00;#¡DIV/0; $0,00;;; $0,00; $0,00;;; $0,00; $0,00;#¡DIV/0;;;;;;;;;;;;;;;;;;;;;
Galaxy Watch Active2 (40mm;#N/D;;0,00; $0,00;#N/D;#N/D; $0,00;;0,00; $0,00; $0,00;#¡DIV/0; $0,00;;0,00; $0,00; $0,00;#¡DIV/0; $0,00;;0,00; $0,00; $0,00;#¡DIV/0; $0,00;;0,00; $0,00; $0,00;#¡DIV/0; $0,00;;0,00; $0,00; $0,00;#¡DIV/0; $0,00;;; $0,00; $0,00;;; $0,00; $0,00;#¡DIV/0;;;;;;;;;;;;;;;;;;;;;
Galaxy Watch Active2 (44mm) SM-R820; $136.494,60;;0,00; $0,00; $122.845,14;0,00%; $0,00;;0,00; $0,00; $0,00;#¡DIV/0; $0,00;;0,00; $0,00; $0,00;#¡DIV/0; $0,00;;0,00; $0,00; $0,00;#¡DIV/0; $0,00;;0,00; $0,00; $0,00;#¡DIV/0; $0,00;;0,00; $0,00; $0,00;#¡DIV/0; $0,00;;; $0,00; $0,00;;; $0,00; $0,00;#¡DIV/0;;;;;;;;;;;;;;;;;;;;;
Galaxy Watch Active2 (44mm) SM-R820N; $139.004,80;;0,00; $0,00; $125.104,32;0,00%; $0,00;;0,00; $0,00; $0,00;#¡DIV/0; $0,00;;0,00; $0,00; $0,00;#¡DIV/0; $0,00;;0,00; $0,00; $0,00;#¡DIV/0; $0,00;;0,00; $0,00; $0,00;#¡DIV/0; $0,00;;0,00; $0,00; $0,00;#¡DIV/0; $0,00;;; $0,00; $0,00;;; $0,00; $0,00;#¡DIV/0;;;;;;;;;;;;;;;;;;;;;
Galaxy Watch R800 SM-R800N; $137.469,20;;0,00; $0,00; $123.722,28;0,00%; $0,00;;0,00; $0,00; $0,00;#¡DIV/0; $0,00;;0,00; $0,00; $0,00;#¡DIV/0; $0,00;;0,00; $0,00; $0,00;#¡DIV/0; $0,00;;0,00; $0,00; $0,00;#¡DIV/0; $0,00;;0,00; $0,00; $0,00;#¡DIV/0; $0,00;;; $0,00; $0,00;;; $0,00; $0,00;#¡DIV/0;;;;;;;;;;;;;;;;;;;;;
Galaxy Watch R810 SM-R810N; $130.798,80;;0,00; $0,00; $117.718,92;0,00%; $0,00;;0,00; $0,00; $0,00;#¡DIV/0; $0,00;;0,00; $0,00; $0,00;#¡DIV/0; $0,00;;0,00; $0,00; $0,00;#¡DIV/0; $0,00;;0,00; $0,00; $0,00;#¡DIV/0; $0,00;;0,00; $0,00; $0,00;#¡DIV/0; $0,00;;; $0,00; $0,00;;; $0,00; $0,00;#¡DIV/0;;;;;;;;;;;;;;;;;;;;;
Galaxy Z Flip SM-F700F; $1.002.200,00;GH82-22215A;524,62; $551.296,95; $901.980,00;56,15%; $339.000,00;GH82-22206A;230,45; $242.163,85; $305.100,00;72,92%; $45.160,61;GH82-23868A;21,06; $22.126,71; $40.644,55;50,02%; $98.000,00;GH96-13037A;46,63; $49.003,94; $88.200,00;51,05%; $40.800,00;GH82-22335A;25,89; $27.211,01; $36.720,00;68,08%; $22.400,00;GH96-13071A;10,16; $10.678,34; $20.160,00;48,66%; $1.600,00;GH02-20435A;1,51; $1.586,78; $13.300,00;GH96-13291A;6,34; $6.662,39; $11.970,00;51,14%;VIENEN LAS 2 JUNTAS;;;; $1.000,00;GH02-20437A;0,99; $1.040,34; $125.300,00;GH96-13380A;59,60; $62.630,68; $112.770,00; $100.240,00;;;; ;;;https://www.manual.ar/thumbs/products/l/1260231-samsung-galaxy-z-flip-5g.jpg
Galaxy Z Flip 3 SM-F711; $531.658,00;GH82-27243A;256,90; $269.962,69; $478.492,20;51,83%; $362.500,00;GH82-26272A;246,39; $258.917,14; $326.250,00;72,91%; $24.017,74;GH82-26270A;11,20; $11.767,63; $21.615,96;50,02%; $41.500,00;GH96-14429A;19,77; $20.773,21; $37.350,00;51,10%; $12.200,00;GH82-26251A;7,71; $8.102,90; $10.980,00;67,80%; $21.600,00;GH96-14630A;9,77; $10.264,08; $19.440,00;48,51%; $4.100,00;GH82-26257A;3,87; $4.066,79; $18.600,00;GH96-14455A;8,85; $9.300,03; $16.740,00;51,04%;BONIFICADO;GH82-26271A;15,27; $16.046,49; $3.500,00;GH82-26258A;3,35; $3.520,35; $83.800,00;GH97-26773A;39,85; $41.876,39; $75.420,00; $67.040,00;;;; ;;;https://d3ugyf2ht6aenh.cloudfront.net/stores/001/218/669/products/samsung-galaxy-z-flip-3-cream_0001_71f2i8cltbl-_sx679_1-a7950aa3d785d282f716542023996304-640-0.png
Galaxy Z Flip4 SM-F721B; $628.252,00;GH82-30238A;386,70; $406.363,85; $565.426,80;66,03%; $586.700,00;GH82-29472A;398,80; $419.081,29; $528.030,00;72,92%; $41.407,23;GH82-29433A;19,31; $20.287,72; $37.266,51;50,02%; $70.600,00;GH96-15321A;33,58; $35.287,24; $63.540,00;51,02%; $24.100,00;GH82-29219A;15,29; $16.064,07; $21.690,00;68,04%; $47.200,00;GH96-15289A;21,41; $22.494,51; $42.480,00;48,65%; $3.800,00;GH82-29627A;3,58; $3.762,04; $20.200,00;GH96-15301A;9,62; $10.109,18; $18.180,00;51,09%;BONIFICADO;GH82-29434A;21,59; $22.687,86; $3.100,00;GH82-29628A;2,91; $3.057,97; $97.700,00;GH97-27947A;46,50; $48.864,54; $87.930,00; $78.160,00;;;; ;;;https://garbarinoar.vtexassets.com/arquivos/ids/209739-800-auto?v=638127626772530000&width=800&height=auto&aspect=true
Galaxy Z Fold 3 SM-F926; $885.746,00;GH82-26283A;480,66; $505.105,75; $797.171,40;58,21%; $459.400,00;GH82-26282A;312,23; $328.110,80; $413.460,00;72,91%; $28.233,85;GH82-26236A;13,16; $13.833,34; $25.410,47;50,02%; $74.000,00;GH96-14442A;35,22; $37.014,79; $66.600,00;51,06%; $64.200,00;GH97-26854A;40,72; $42.786,04; $57.780,00;68,03%; $69.600,00;GH96-14519A;31,52; $33.120,78; $62.640,00;48,58%; $5.100,00;GH82-26476A;4,87; $5.117,64; $8.700,00;GH96-14485A;4,16; $4.371,54; $7.830,00;51,29%;BONIFICADO;GH82-26237A;17,27; $18.148,19; $6.700,00;GH82-26477A;6,39; $6.714,93;;;;; $0,00; $0,00; $222.200,00;GH82-26238A;105,74; $111.116,92; $199.980,00; $177.760,00;https://m.media-amazon.com/images/I/71XyQ38IoPL.__AC_SX300_SY300_QL70_ML2_.jpg
Galaxy Z Fold4 SM-F936B; $1.039.935,00;GH82-29461A;573,88; $603.063,77; $935.941,50;59,20%; $613.300,00;GH82-29511A;416,90; $438.097,69; $551.970,00;72,92%; $55.685,82;GH82-29450A;25,96; $27.283,60; $50.117,24;50,02%; $97.700,00;GH96-15297A;46,50; $48.868,90; $87.930,00;51,06%; $36.500,00;GH82-29710A;23,14; $24.318,84; $32.850,00;68,01%; $49.300,00;GH96-15388A;22,34; $23.480,21; $44.370,00;48,62%; $5.100,00;GH82-29454A;4,84; $5.086,12; $23.500,00;GH96-15324A;11,20; $11.769,52; $21.150,00;51,13%;BONIFICADO;GH82-29451A;20,64; $21.689,55; $4.700,00;GH82-29456A;4,47; $4.697,30;;;;; $0,00; $0,00; $168.400,00;GH96-15279A;80,13; $84.204,64; $151.560,00; $134.720,00;https://www.oscarbarbieri.com/pub/media/catalog/product/cache/7baadf0dec41407c7702efdbff940ecb/9/7/974c34132536e73677d2273ddb68.jpg
M13 SM-M135M; $127.179,00;GH82-29132A;48,99; $51.475,95; $114.461,10;41,32%; $120.600,00;GH82-29309A;82,00; $86.171,52; $108.540,00;72,94%; $57.850,39;GH82-29136A;26,97; $28.344,14; $52.065,35;50,02%; $41.800,00;GH96-14892A;19,89; $20.905,62; $37.620,00;51,05%; $20.400,00;GH82-29445C;12,96; $13.620,78; $18.360,00;68,16%; $25.500,00;GH96-15262A;11,56; $12.151,22; $22.950,00;48,64%; $0,00;-;0,00; $0,00; $0,00;-;0,00; $0,00; $0,00;#¡DIV/0;;;; $0,00; $0,00;;; $0,00;;;;; $0,00; $0,00;;;; ; $0,00; $0,00;https://images.start.com.ar/SM-M135MLBGARO-4.jpg
M23 5G SM-M236B; $128.890,00;GH82-28487A;50,01; $52.550,58; $116.001,00;41,62%; $235.000,00;GH82-28486A;159,73; $167.850,65; $211.500,00;72,91%; $47.802,98;GH82-28490A;22,29; $23.421,35; $43.022,68;50,02%; $41.800,00;GH96-14892A;19,89; $20.905,62; $37.620,00;51,05%; $25.000,00;GH97-27305A;15,86; $16.665,16; $22.500,00;68,05%; $22.100,00;GH96-15065A;10,00; $10.509,57; $19.890,00;48,54%; $2.200,00;GH81-22240A;2,09; $2.196,28; $7.500,00;3001-002865;3,57; $3.751,54; $6.750,00;51,06%;;;; $0,00; $0,00;;; $0,00;;;;; $0,00; $0,00;;;; ; $0,00; $0,00;https://www.fussetti.com/2786-large_default/telefono-celular-samsung-m23.jpg
S20 FE 5G SM-G781B; $181.190,00;"	GH82-24214A";91,34; $95.987,80; $163.071,00;54,08%; $533.900,00;GH82-24213A;362,90; $381.350,41; $480.510,00;72,91%; $50.259,57;GH82-24205A;23,43; $24.624,97; $45.233,61;50,02%; $85.700,00;GH96-13893A;40,79; $42.868,39; $77.130,00;51,06%; $35.900,00;GH82-28449A;22,79; $23.951,02; $32.310,00;68,11%; $22.100,00;GH96-13848A;10,03; $10.540,23; $19.890,00;48,69%; $1.000,00;GH81-19848A;0,99; $1.040,34; $16.800,00;GH96-13879A;7,98; $8.385,79; $15.120,00;50,95%;;;; $0,00; $0,00;;; $0,00;;;;; $0,00; $0,00;;;; ; $0,00; $0,00;https://www.electromisiones.com.ar/22016-medium_default/celular_samsung_galaxy_s20fe_5g_6gb_ram_128gb_azul.jpg
S22+ - 256Gb SM-S906E; $327.018,00;"	GH82-27500A";139,77; $146.872,80; $294.316,20;45,85%; $419.800,00;GH82-27829A;285,37; $299.881,39; $377.820,00;72,92%; $50.891,46;GH82-27502A;28,49; $29.936,15; $45.802,31;60,05%; $102.400,00;GH96-14765A;54,15; $56.904,39; $92.160,00;56,73%; $34.600,00;GH82-27403A;21,98; $23.097,74; $31.140,00;68,15%; $35.900,00;GH96-14925A;16,26; $17.085,92; $32.310,00;48,58%; $7.500,00;GH82-27503A;7,12; $7.482,05; $32.400,00;GH96-14832A;15,42; $16.204,11; $29.160,00;51,05%;;;; $0,00; $0,00;;; $0,00;;;;; $0,00; $0,00;;;; ; $0,00; $0,00;https://www.dateks.lv/images/pic/2400/2400/575/1163.jpg
Samsung A21s SM-A217M; $79.899,00;GH82-22988A;44,59; $46.856,94; $71.909,10;59,87%; $78.200,00;GH82-23031A;53,17; $55.874,98; $70.380,00;72,94%; $31.651,89;GH82-22989A;14,76; $15.508,03; $28.486,70;50,02%; $59.900,00;GH96-13477A;28,50; $29.950,50; $53.910,00;51,04%; $23.700,00;"	GH97-24942A";15,03; $15.793,59; $21.330,00;68,03%; $20.100,00;GH96-13452A;9,09; $9.549,28; $18.090,00;48,50%; $2.200,00;GH81-18831A;2,10; $2.206,79; $9.000,00;3001-002856;4,26; $4.476,62; $8.100,00;50,78%;;;; $0,00; $0,00;;; $0,00;;;;; $0,00; $0,00;;;; ; $0,00; $0,00;https://idgroup.com.ar/5450-large_default/samsung-a21s-sm-a217mzkearo.jpg
Samsung A32 SM-A325M; $123.863,00;GH82-25566A;57,00; $59.901,49; $111.476,70;49,37%; $132.900,00;GH82-25568A;90,36; $94.957,78; $119.610,00;72,94%; $47.953,12;GH82-25567A;22,36; $23.494,91; $43.157,81;50,02%; $39.400,00;GH96-14252A;18,76; $19.717,00; $35.460,00;51,09%; $20.700,00;GH82-25552A;13,11; $13.772,64; $18.630,00;67,92%; $19.300,00;GH96-14244A;8,73; $9.176,02; $17.370,00;48,53%; $2.000,00;GH81-20314A;1,90; $1.996,62; $7.500,00;3001-002865;3,57; $3.751,54; $6.750,00;51,06%;;;; $0,00; $0,00;;; $0,00;;;;; $0,00; $0,00;;;; ; $0,00; $0,00;https://www.heavenimagenes.com/heavencommerce/7a1fcd03-6179-4c60-bec2-35692a1ae7ae/images/v2/SAMSUNG/5103_medium.jpg
Samsung A52 SM-A525M; $152.657,00;GH82-25524A;63,66; $66.900,61; $137.391,30;44,74%; $175.300,00;GH82-25525A;119,12; $125.182,03; $157.770,00;72,90%; $49.725,84;GH82-25231A;23,18; $24.363,47; $44.753,25;50,02%; $56.200,00;GH96-14157A;35,68; $37.496,23; $50.580,00;68,11%; $29.500,00;GH98-46318A;18,72; $19.669,86; $26.550,00;68,07%; $26.900,00;GH96-14374A;14,22; $14.941,87; $24.210,00;56,70%; $2.700,00;GH02-22419A;2,60; $2.732,21; $15.700,00;GH96-14117A;7,49; $7.870,87; $14.130,00;51,18%;;;; $0,00; $0,00;;; $0,00;;;;; $0,00; $0,00;;;; ; $0,00; $0,00;https://exitocol.vtexassets.com/arquivos/ids/14994429/Galaxy-A52-128GB-Negro-SAMSUNG-SM-A525MZKGLTC-3023606_a.jpg?v=638006006739100000
Samsung A72 SM-A725M; $159.918,00;GH82-25460A;74,05; $77.816,86; $143.926,20;49,67%; $133.500,00;GH82-25462A;90,76; $95.377,39; $120.150,00;72,93%; $46.301,63;GH82-25461A;21,59; $22.685,76; $41.671,47;50,02%; $63.700,00;GH96-14157A;35,68; $37.496,23; $57.330,00;60,09%; $26.700,00;GH98-46253A;16,92; $17.783,99; $24.030,00;67,99%; $20.600,00;"	GH96-14128A";9,32; $9.798,13; $18.540,00;48,55%; $2.900,00;GH02-22496A;2,73; $2.868,82; $13.300,00;GH96-14149A;6,32; $6.641,37; $11.970,00;50,98%;;;; $0,00; $0,00;;; $0,00;;;;; $0,00; $0,00;;;; ; $0,00; $0,00;https://m.media-amazon.com/images/I/41B8D5ggxIL.jpg
Tab A8 SM-X200; $182.407,00;GH81-21915A;90,02; $94.601,87; $164.166,30;52,94%; $119.700,00;GH81-21940A;81,34; $85.472,18; $107.730,00;72,89%; $49.004,06;"GH81-21920A	";22,85; $24.009,83; $44.103,66;50,02%; $20.300,00;GH81-21982A;9,68; $10.171,39; $18.270,00;51,15%; $38.500,00;GH81-22190A;24,43; $25.671,05; $34.650,00;68,07%; $19.300,00;GH81-21943A;8,73; $9.176,02; $17.370,00;48,53%; $2.100,00;"GH81-21983A	";2,03; $2.133,23; $11.100,00;GH81-21975A;5,28; $5.548,49; $9.990,00;51,03%;;;; $0,00; $0,00;;; $0,00;;;;; $0,00; $0,00;;;;; $0,00; $0,00;
Tab S6 Lite SM-P613; $237.038,00;"GH82-29084A	";119,38; $125.449,16; $213.334,20;54,03%; $168.900,00;GH82-29113A;114,83; $120.668,10; $152.010,00;72,93%; $45.340,77;GH82-20770A;21,14; $22.214,98; $40.806,69;50,02%; $0,00;-;0,00; $0,00; $0,00;#¡DIV/0; $58.500,00;GH82-22774B;37,12; $39.007,95; $52.650,00;68,07%; $24.500,00;GH82-29115A;11,11; $11.675,60; $22.050,00;48,65%; $2.600,00;GH81-17520A;2,43; $2.553,57; $0,00;-;0,00; $0,00; $0,00;#¡DIV/0;;;; $0,00; $0,00;;; $0,00;;;;; $0,00; $0,00;;;;; $0,00; $0,00;
Tab S8 SM-X700; $278.152,00;GH82-27901A;138,79; $145.847,36; $250.336,80;53,53%; $357.700,00;GH82-27933A;243,16; $255.526,88; $321.930,00;72,92%; $66.632,91;GH82-27902A;31,07; $32.647,19; $59.969,62;50,02%; $0,00;-;0,00; $0,00; $0,00;#¡DIV/0; $109.900,00;GH82-27822D;69,70; $73.247,05; $98.910,00;68,04%; $21.100,00;GH82-27934A;9,56; $10.046,97; $18.990,00;48,61%; $0,00;-;0,00; $0,00; $0,00;-;0,00; $0,00; $0,00;#¡DIV/0;;;; $0,00; $0,00;;; $0,00;;;;; $0,00; $0,00;;;;; $0,00; $0,00;
Tab S8 Ultra Wifi SM-X900; $703.881,00;GH82-27840A;380,82; $400.182,22; $633.492,90;58,04%; $403.500,00;"GH82-28015A	";274,25; $288.196,77; $363.150,00;72,91%; $65.783,90;GH82-27843A;30,67; $32.231,21; $59.205,51;50,02%; $41.700,00;GH96-14972A;19,85; $20.861,48; $37.530,00;51,07%; $126.100,00;"GH82-27994A	";79,99; $84.060,32; $113.490,00;68,05%; $35.600,00;GH82-27845A;16,12; $16.935,65; $32.040,00;48,56%; $13.800,00;GH82-27849A;13,15; $13.818,68; $29.300,00;"GH96-14907A	";13,94; $14.648,85; $26.370,00;51,04%;;;; $0,00; $0,00;;; $0,00;;;;; $0,00; $0,00;;;;; $0,00; $0,00;
Tab S8+ SM-X800; $460.321,00;GH82-27887A;243,78; $256.174,03; $414.288,90;56,81%; $360.700,00;"GH82-27893A	";245,20; $257.671,25; $324.630,00;72,92%; $52.779,96;GH82-27888A;24,61; $25.859,85; $47.501,96;50,02%; $0,00;-;0,00; $0,00; $0,00;#¡DIV/0; $113.200,00;GH82-27813C;71,81; $75.461,18; $101.880,00;68,05%; $39.700,00;"GH82-27894A	";17,98; $18.899,21; $35.730,00;48,60%; $0,00;-;0,00; $0,00; $0,00;-;0,00; $0,00; $0,00;#¡DIV/0;;;; $0,00; $0,00;;; $0,00;;;;; $0,00; $0,00;;;;; $0,00; $0,00;
Watch5 40mm SM-R900; $81.281,20;;0,00; $0,00; $73.153,08;0,00%; $0,00;;0,00; $0,00; $0,00;#¡DIV/0; $0,00;;0,00; $0,00; $0,00;#¡DIV/0; $0,00;;0,00; $0,00;0,00;#¡DIV/0; $0,00;;0,00; $0,00; $0,00;#¡DIV/0; $0,00;;0,00; $0,00; $0,00;#¡DIV/0; $0,00;;; $0,00; $0,00;;; $0,00; $0,00;#¡DIV/0;;;;0,00;0,00;;;0,00;;;;; $0,00; $0,00;;;;; $0,00; $0,00;
Watch5 44mm SM-R910; $81.911,50;;0,00; $0,00; $73.720,35;0,00%; $0,00;;0,00; $0,00; $0,00;#¡DIV/0; $0,00;;0,00; $0,00; $0,00;#¡DIV/0; $0,00;;0,00; $0,00;0,00;#¡DIV/0; $0,00;;0,00; $0,00; $0,00;#¡DIV/0; $0,00;;0,00; $0,00; $0,00;#¡DIV/0; $0,00;;; $0,00; $0,00;;; $0,00; $0,00;#¡DIV/0;;;;0,00;0,00;;;0,00;;;;; $0,00; $0,00;;;;; $0,00; $0,00;
Watch5 Pro 45mm SM-R920; $139.955,20;;0,00; $0,00; $125.959,68;0,00%; $0,00;;0,00; $0,00; $0,00;#¡DIV/0; $0,00;;0,00; $0,00; $0,00;#¡DIV/0; $0,00;;0,00; $0,00;0,00;#¡DIV/0; $0,00;;0,00; $0,00; $0,00;#¡DIV/0; $0,00;;0,00; $0,00; $0,00;#¡DIV/0; $0,00;;; $0,00; $0,00;;; $0,00; $0,00;#¡DIV/0;;;;0,00;0,00;;;0,00;;;;; $0,00; $0,00;;;;; $0,00; $0,00;
Galaxy A01 Core SM-A013M; $73.000,00;GH82-23392A;34,81; $36.580,10; $65.700,00;51,15%; $50.200,00;GH82-23393A;34,12; $35.853,65; $45.180,00;72,91%; $15.957,21;GH43-05038A;7,44; $7.818,33; $14.361,48;50,02%; $12.800,00;GH96-13876A;6,09; $6.399,68; $11.520,00;51,04%; $7.600,00;GH98-45611A;4,80; $5.048,51; $6.840,00;67,81%; $0,00;EN PLACA;0,00; $0,00; $0,00;#¡DIV/0; $0,00;-;0,00; $0,00; $7.300,00;3001-002824;3,49; $3.667,47; $6.570,00;51,29%;;;; $0,00; $0,00;;; $0,00;;;;; $0,00; $0,00;;;; ; $0,00; $0,00;https://cdn1.hendyla.com/archivos/imagenes/2021/05/10/37a6259cc0c1dae299a7866489dff0bdTNcGP2AlfuHDa01corerojo16gb-480_A.jpg
Galaxy A12 SM-A127M; $93.032,71;GH82-26925A;44,87; $47.154,01; $83.729,44;51,74%; $69.500,00;GH82-26493A;47,26; $49.658,33; $62.550,00;72,94%; $31.651,89;GH82-22989A;14,76; $15.508,03; $28.486,70;50,02%; $28.700,00;GH96-14179A;14,37; $15.102,30; $25.830,00;53,72%; $13.600,00;GH82-26230A;8,63; $9.067,17; $12.240,00;68,06%; $9.100,00;GH96-14636A;2,71; $2.845,82; $8.190,00;31,92%; $0,00;-;0,00; $0,00; $9.000,00;3001-002856;4,26; $4.476,62; $8.100,00;50,78%;;;; $0,00; $0,00;;; $0,00;;;;; $0,00; $0,00;;;; ; $0,00; $0,00;https://aremsaprod.vteximg.com.br/arquivos/ids/158597-1000-1000/143743_01.jpg?v=637728046245030000
Galaxy Tab A7 Lite; $128.994,98;GH81-20638A;62,22; $65.381,63; $116.095,48;51,74%; $73.000,00;GH81-20650A;49,61; $52.135,21; $65.700,00;72,91%; $35.659,74;GH81-20631A;16,63; $17.471,70; $32.093,77;50,02%; $8.200,00;"GH81-20665A	";3,90; $4.099,89; $7.380,00;51,04%; $22.100,00;"GH81-21779A	";14,02; $14.729,28; $19.890,00;68,04%; $12.400,00;GH81-20661A;5,64; $5.926,82; $11.160,00;48,79%; $0,00;;; $0,00; $0,00;;; $0,00; $0,00;#¡DIV/0;;;; $0,00; $0,00;;; $0,00;;;;; $0,00; $0,00;;;; ; $0,00; $0,00;
Samsung A24 SM-A245M; $105.000,00;GH82-31240A;50,08; $52.626,59; $94.500,00;51,16%; $102.800,00;GH82-31557A;69,89; $73.439,99; $92.520,00;72,93%; $47.772,96;GH82-31242A;22,27; $23.406,64; $42.995,66;50,02%; $58.000,00;GH96-15109A;27,59; $28.997,90; $52.200,00;51,04%; $16.400,00;GH82-30679A;10,42; $10.954,50; $14.760,00;68,19%; $15.900,00;GH96-15837A;7,21; $7.581,87; $14.310,00;48,68%; $0,00;;; $0,00; $3.100,00;3001-002865;1,47; $1.544,75; $2.790,00;50,87%;;;; $0,00; $0,00;;; $0,00;;;;; $0,00; $0,00;;;; ; $0,00; $0,00;https://speakco.com.ar/wp-content/uploads/2023/06/Samsung-Galaxy-A24-LTE.webp
Galaxy Z Flip 5 SM-F731B; $657.242,00;GH82-31827A;260,81; $274.071,74; $591.517,80;42,57%; $482.000,00;GH82-31891A;327,63; $344.293,90; $433.800,00;72,92%; $29.287,58;GH82-31700A;13,66; $14.349,62; $26.358,83;50,02%; $78.300,00;"GH96-15987A	";37,25; $39.147,65; $70.470,00;51,04%; $21.300,00;GH82-31866A;13,51; $14.197,80; $19.170,00;68,04%; $41.800,00;GH96-15970A;18,94; $19.905,22; $37.620,00;48,61%; $1.100,00;GH82-31832A;1,09; $1.145,43; $0,00;;; $0,00; $0,00;#¡DIV/0;BONIFICADO;GH82-31699A;11,23; $11.801,05; $1.000,00;GH82-31834A;0,96; $1.008,82;;;;; $0,00; $0,00; $109.300,00;GH97-29135A;52,02; $54.665,24; $98.370,00; $87.440,00;https://d2ye0ltusw47tz.cloudfront.net/62777988-large_default/celular-samsung-galaxy-z-flip-5-256-gb-mint.jpg
Galaxy Z Fold5 SM-F946B; $872.020,00;GH82-31842A;474,78; $498.923,57; $784.818,00;58,41%; $485.500,00;GH82-32172A;329,99; $346.765,50; $436.950,00;72,91%; $40.386,31;GH82-31847A;18,83; $19.787,51; $36.347,68;50,02%; $108.400,00;GH96-15976A;51,57; $54.194,04; $97.560,00;51,04%; $42.300,00;"GH82-31821A	";26,85; $28.213,44; $38.070,00;68,09%; $50.400,00;"GH96-16008A	";22,82; $23.980,45; $45.360,00;48,57%; $2.000,00;GH82-31850A;1,87; $1.965,09; $0,00;;; $0,00; $0,00;#¡DIV/0;BONIFICADO;GH82-31846A;11,29; $11.864,10; $2.100,00;GH82-31852A;2,01; $2.112,21;;;;; $0,00; $0,00; $119.500,00;GH82-31849A;56,87; $59.761,86; $107.550,00; $95.600,00;https://d2aojnqfro6rv3.cloudfront.net/210734-large_default/celular-samsung-galaxy-z-fold-5-256gb-icy-blue.jpg
Tab S9 SM-X710N; $410.000,00;GH82-31769A;154,07; $161.903,94; $369.000,00;40,31%; $428.100,00;GH82-31951A;290,96; $305.759,32; $385.290,00;72,91%; $65.139,82;GH82-31774A;30,37; $31.915,64; $58.625,84;50,02%; $33.800,00;GH96-16035A;16,09; $16.905,56; $30.420,00;51,06%; $119.000,00;GH82-31692A;75,52; $79.361,69; $107.100,00;68,08%; $30.600,00;GH82-31952A;13,87; $14.577,39; $27.540,00;48,63%; $2.700,00;GH82-31921A;2,56; $2.690,18; $28.200,00;GH82-31770A;13,42; $14.102,41; $25.380,00;51,05%;;;;; $6.800,00;GH81-23901A;6,51; $6.841,04;;;;; $0,00; $0,00;;;; ; $0,00; $0,00;https://jumboargentina.vtexassets.com/arquivos/ids/790384/Samsung-Galaxy-Tab-S9-Beige-12-256g-Samsung-Galaxy-Tab-S9-Beige-12-56g-1-986657.jpg?v=638272893756770000
Tab S9+ SM-X810N; $454.251,00;GH82-31902A;242,79; $255.131,82; $408.825,90;57,34%; $444.200,00;GH82-31959A;301,94; $317.294,61; $399.780,00;72,92%; $75.113,66;GH82-31907A;35,02; $36.802,38; $67.602,30;50,02%; $36.400,00;GH96-16037A;17,31; $18.185,44; $32.760,00;51,00%; $130.900,00;GH82-31925A;83,02; $87.239,79; $117.810,00;68,03%; $31.100,00;GH82-31960A;14,07; $14.790,02; $27.990,00;48,55%; $2.700,00;GH82-31921A;2,56; $2.690,18; $26.500,00;GH82-31962A;12,61; $13.251,22; $23.850,00;51,05%;;;;;;GH81-23924A;3,30;;;;;; $0,00; $0,00;;;; ; $0,00; $0,00;https://images.fravega.com/f500/c42880c496345bb41ccccbe80bcf3cf6.jpg
Tab S9 Ultra SM-X910N; $613.293,00;GH82-31914A;333,22; $350.167,22; $551.963,70;58,29%; $452.100,00;GH82-31964A;307,33; $322.955,75; $406.890,00;72,92%; $94.449,82;GH82-31915A;44,04; $46.276,25; $85.004,84;50,02%; $48.900,00;GH96-16090A;23,27; $24.451,19; $44.010,00;51,04%; $163.600,00;GH82-31683A;103,82; $109.097,41; $147.240,00;68,07%; $32.000,00;GH82-31965A;14,50; $15.237,56; $28.800,00;48,61%; $2.700,00;GH82-31921A;2,56; $2.690,18; $31.200,00;GH82-31916A;14,86; $15.615,64; $28.080,00;51,09%;;;;;;GH81-23920A;8,04;;;;;; $0,00; $0,00;;;; ; $0,00; $0,00;https://images.start.com.ar/SM-X910NZAHARO.jpg
Samsung M12 SM-M127F; $72.490,36;GH82-25043A;33,22; $34.904,93; $65.241,32;49,15%; $90.900,00;GH82-25537A;61,78; $64.918,12; $81.810,00;72,90%; $31.651,89;"GH82-22989A	";14,76; $15.508,03; $28.486,70;50,02%; $30.200,00;GH96-14179A;14,37; $15.102,30; $27.180,00;51,05%; $24.000,00;GH97-25928A;15,20; $15.973,90; $21.600,00;67,94%; $9.100,00;GH96-14044A;4,12; $4.325,01; $8.190,00;48,52%; $0,00;;; $0,00; $3.700,00;3001-002856;1,75; $1.838,99; $3.330,00;50,74%;;;;;;;;;;;;; $0,00; $0,00;;;; ; $0,00; $0,00;https://zetaelectronica.com.ar/wp-content/uploads/2021/10/samsung-galaxy-m12-4gb-64gb-dual-sim-verde.jpeg
Tab A7 WIFI SM-T500N; $163.869,07;GH81-19690A;83,43; $87.672,02; $147.482,16;54,62%; $147.200,00;GH81-19685A;100,08; $105.168,16; $132.480,00;72,93%; $54.885,23;GH81-19691A;25,59; $26.891,34; $49.396,70;50,02%; $0,00;GH81-19644A;0,00; $0,00; $0,00;#¡DIV/0; $28.400,00;"GH81-19742A	";18,01; $18.928,95; $25.560,00;68,04%; $16.900,00;GH81-19632A;7,65; $8.040,68; $15.210,00;48,57%; $400,00;GH81-19671A GH81-19673A GH81-19675A GH81-19677A               ;0,38; $399,32; $1.500,00;GH81-19645A;0,69; $725,09; $1.350,00;49,35%;;;;;;;;;;;;; $0,00; $0,00;;;; ; $0,00; $0,00;https://www.tradeinn.com/f/13884/138846067/samsung-samsung-galaxy-tab-a7-wifi-tablet-32gb-3gbb-ram.jpg
Tab S7 FE SM-T733N; $295.301,13;GH82-25897A;150,34; $157.989,84; $265.771,02;54,62%; $179.500,00;GH82-26940A;122,02; $128.227,50; $161.550,00;72,92%; $40.424,49;GH43-05018A;18,85; $19.806,22; $36.382,04;50,02%; $0,00;-;0,00; $0,00; $0,00;#¡DIV/0; $95.000,00;"GH82-27012A	";60,24; $63.302,51; $85.500,00;68,02%; $24.000,00;GH82-25907A;10,89; $11.445,46; $21.600,00;48,68%; $1.400,00;GH81-20628A;1,37; $1.439,67; $0,00;-;0,00; $0,00; $0,00;;;;;;;;;;;;;; $0,00; $0,00;;;; ; $0,00; $0,00;https://cryptoavisos.com/oc-content/uploads/112/41640.webp
Tab S7 SM-T870N; $269.122,79;GH82-23646A;137,02; $143.984,09; $242.210,51;54,62%; $305.300,00;GH82-23648A;207,53; $218.083,40; $274.770,00;72,92%; $40.476,40;GH43-05028A;18,87; $19.831,65; $36.428,76;50,02%; $8.600,00;GH96-13717A;4,07; $4.276,75; $7.740,00;50,77%; $147.700,00;"GH96-13858A	";93,68; $98.441,96; $132.930,00;68,04%; $47.800,00;GH82-23649A;21,67; $22.774,05; $43.020,00;48,64%; $400,00;GH02-21318A GH02-21319A  GH02-21320A GH02-21321A                ;0,42; $441,36; $2.300,00;GH96-13666A;1,11; $1.166,44; $2.070,00;51,77%;;;;;;;;;;;;; $0,00; $0,00;;;; ; $0,00; $0,00;https://www.manual.ar/thumbs/products/l/1260236-samsung-galaxy-tab-s7.jpg
Tab S7+ SM-T970N; $434.279,48;"GH82-23407A	";221,10; $232.345,00; $390.851,53;54,62%; $232.100,00;"GH82-23410A	";157,75; $165.772,81; $208.890,00;72,91%; $40.424,49;"GH43-05018A	";18,85; $19.806,22; $36.382,04;50,02%; $29.700,00;"	GH96-13659A";14,12; $14.835,54; $26.730,00;50,99%; $107.700,00;GH96-13787A;68,36; $71.831,02; $96.930,00;68,08%; $19.400,00;"GH82-23411A	";8,79; $9.238,22; $17.460,00;48,61%; $1.500,00;GH02-21158A GH02-21159A;1,42; $1.492,21; $2.300,00;"GH96-13654A	";1,09; $1.145,43; $2.070,00;50,84%;;;;;;;;;;;;; $0,00; $0,00;;;; ; $0,00; $0,00;https://m.media-amazon.com/images/I/61Ae19rrWFL._AC_UF1000,1000_QL80_.jpg
Samsung A22 SM-A225M; $81.795,08;GH82-25944A;37,48; $39.385,26; $73.615,57;49,15%; $78.300,00;GH82-26195A;53,22; $55.927,10; $70.470,00;72,91%; $47.953,12;GH82-25567A;22,36; $23.494,91; $43.157,81;50,02%; $60.300,00;GH96-14454A;28,71; $30.165,66; $54.270,00;51,07%; $21.700,00;"GH98-46644A	";13,76; $14.455,95; $19.530,00;68,00%; $11.200,00;"GH59-15487A	";5,09; $5.353,97; $10.080,00;48,80%; $1.000,00;"GH81-20827A	";0,98; $1.029,83; $3.700,00;3001-002856;1,75; $1.838,99; $3.330,00;50,74%;;;;;;;;;;;;; $0,00; $0,00;;;; ; $0,00; $0,00;https://offlinetecnologia.com.ar/4444-large_default/8806092306127.jpg
Samsung A03s SM-A037M; $86.318,12;GH81-21232A;33,93; $35.655,35; $77.686,31;42,17%; $107.500,00;"GH81-21237A	";73,06; $76.774,08; $96.750,00;72,91%; $49.244,28;GH81-21636A;22,96; $24.127,53; $44.319,85;50,02%; $25.500,00;GH81-21247A;12,15; $12.770,41; $22.950,00;51,12%; $4.100,00;"GH81-21471A	";2,57; $2.701,12; $3.690,00;67,25%; $11.600,00;GH81-21244A;5,24; $5.501,23; $10.440,00;48,41%; $0,00;-;0,00; $0,00; $4.300,00;GH81-20148A;2,04; $2.143,73; $3.870,00;50,89%;;;;;;;;;;;;; $0,00; $0,00;;;; ; $0,00; $0,00;https://mauricomputacion.com.ar/images/productos/23742.webp

